zip,county,res_ratio
60002,LAKE_COUNTY_IL,1
60004,COOK_COUNTY_IL,1
60005,COOK_COUNTY_IL,1
60006,COOK_COUNTY_IL,1
60007,COOK_COUNTY_IL,1
60008,COOK_COUNTY_IL,1
60009,COOK_COUNTY_IL,1
60010,COOK_COUNTY_IL,0.4179
60010,KANE_COUNTY_IL,0.0026
60010,LAKE_COUNTY_IL,0.5274
60010,MCHENRY_COUNTY_IL,0.0522
60011,COOK_COUNTY_IL,0.2951
60011,LAKE_COUNTY_IL,0.7049
60012,MCHENRY_COUNTY_IL,1
60013,LAKE_COUNTY_IL,0.0382
60013,MCHENRY_COUNTY_IL,0.9618
60014,MCHENRY_COUNTY_IL,1
60015,COOK_COUNTY_IL,0.0503
60015,LAKE_COUNTY_IL,0.9497
60016,COOK_COUNTY_IL,1
60017,COOK_COUNTY_IL,1
60018,COOK_COUNTY_IL,1
60020,LAKE_COUNTY_IL,0.9823
60020,MCHENRY_COUNTY_IL,0.0177
60021,LAKE_COUNTY_IL,0.0596
60021,MCHENRY_COUNTY_IL,0.9404
60022,COOK_COUNTY_IL,1
60025,COOK_COUNTY_IL,1
60026,COOK_COUNTY_IL,1
60029,COOK_COUNTY_IL,1
60030,LAKE_COUNTY_IL,1
60031,LAKE_COUNTY_IL,1
60033,BOONE_COUNTY_IL,0.0079
60033,MCHENRY_COUNTY_IL,0.9921
60034,MCHENRY_COUNTY_IL,1
60035,LAKE_COUNTY_IL,1
60039,MCHENRY_COUNTY_IL,1
60040,LAKE_COUNTY_IL,1
60041,LAKE_COUNTY_IL,1
60042,LAKE_COUNTY_IL,0.5259
60042,MCHENRY_COUNTY_IL,0.4741
60043,COOK_COUNTY_IL,1
60044,LAKE_COUNTY_IL,1
60045,LAKE_COUNTY_IL,1
60046,LAKE_COUNTY_IL,1
60047,COOK_COUNTY_IL,0.0014
60047,LAKE_COUNTY_IL,0.9986
60048,LAKE_COUNTY_IL,1
60050,LAKE_COUNTY_IL,0.0109
60050,MCHENRY_COUNTY_IL,0.9891
60051,LAKE_COUNTY_IL,0.1844
60051,MCHENRY_COUNTY_IL,0.8156
60053,COOK_COUNTY_IL,1
60056,COOK_COUNTY_IL,1
60060,LAKE_COUNTY_IL,1
60061,LAKE_COUNTY_IL,1
60062,COOK_COUNTY_IL,1
60064,LAKE_COUNTY_IL,1
60065,COOK_COUNTY_IL,1
60067,COOK_COUNTY_IL,1
60068,COOK_COUNTY_IL,1
60069,LAKE_COUNTY_IL,1
60070,COOK_COUNTY_IL,1
60071,MCHENRY_COUNTY_IL,1
60072,MCHENRY_COUNTY_IL,1
60073,LAKE_COUNTY_IL,1
60074,COOK_COUNTY_IL,0.9958
60074,LAKE_COUNTY_IL,0.0042
60075,LAKE_COUNTY_IL,1
60076,COOK_COUNTY_IL,1
60077,COOK_COUNTY_IL,1
60078,COOK_COUNTY_IL,1
60079,LAKE_COUNTY_IL,1
60081,LAKE_COUNTY_IL,0.2011
60081,MCHENRY_COUNTY_IL,0.7989
60083,LAKE_COUNTY_IL,1
60084,LAKE_COUNTY_IL,1
60085,LAKE_COUNTY_IL,1
60087,LAKE_COUNTY_IL,1
60088,LAKE_COUNTY_IL,1
60089,COOK_COUNTY_IL,0.3222
60089,LAKE_COUNTY_IL,0.6778
60090,COOK_COUNTY_IL,0.9943
60090,LAKE_COUNTY_IL,0.0057
60091,COOK_COUNTY_IL,1
60093,COOK_COUNTY_IL,1
60096,LAKE_COUNTY_IL,1
60097,MCHENRY_COUNTY_IL,1
60098,MCHENRY_COUNTY_IL,1
60099,LAKE_COUNTY_IL,1
60101,DUPAGE_COUNTY_IL,1
60102,COOK_COUNTY_IL,0.0001
60102,KANE_COUNTY_IL,0.256
60102,MCHENRY_COUNTY_IL,0.7439
60103,COOK_COUNTY_IL,0.4614
60103,DUPAGE_COUNTY_IL,0.5362
60103,KANE_COUNTY_IL,0.0023
60104,COOK_COUNTY_IL,1
60106,DUPAGE_COUNTY_IL,1
60107,COOK_COUNTY_IL,1
60108,DUPAGE_COUNTY_IL,1
60109,KANE_COUNTY_IL,1
60110,KANE_COUNTY_IL,1
60111,DEKALB_COUNTY_IL,1
60112,DEKALB_COUNTY_IL,1
60113,OGLE_COUNTY_IL,1
60115,DEKALB_COUNTY_IL,1
60118,KANE_COUNTY_IL,1
60119,DEKALB_COUNTY_IL,0.0013
60119,KANE_COUNTY_IL,0.9987
60120,COOK_COUNTY_IL,0.5331
60120,DUPAGE_COUNTY_IL,0.0001
60120,KANE_COUNTY_IL,0.4668
60121,KANE_COUNTY_IL,1
60123,KANE_COUNTY_IL,1
60124,KANE_COUNTY_IL,1
60126,COOK_COUNTY_IL,0.0068
60126,DUPAGE_COUNTY_IL,0.9932
60129,DEKALB_COUNTY_IL,0.5546
60129,OGLE_COUNTY_IL,0.4454
60130,COOK_COUNTY_IL,1
60131,COOK_COUNTY_IL,1
60133,COOK_COUNTY_IL,0.5268
60133,DUPAGE_COUNTY_IL,0.4732
60134,KANE_COUNTY_IL,1
60135,BOONE_COUNTY_IL,0.0022
60135,DEKALB_COUNTY_IL,0.995
60135,KANE_COUNTY_IL,0.0003
60135,MCHENRY_COUNTY_IL,0.0025
60136,KANE_COUNTY_IL,1
60137,DUPAGE_COUNTY_IL,1
60138,DUPAGE_COUNTY_IL,1
60139,DUPAGE_COUNTY_IL,1
60140,DEKALB_COUNTY_IL,0.0023
60140,KANE_COUNTY_IL,0.995
60140,MCHENRY_COUNTY_IL,0.0027
60141,COOK_COUNTY_IL,1
60142,KANE_COUNTY_IL,0.2879
60142,MCHENRY_COUNTY_IL,0.7121
60143,COOK_COUNTY_IL,0.0002
60143,DUPAGE_COUNTY_IL,0.9998
60145,BOONE_COUNTY_IL,0.0573
60145,DEKALB_COUNTY_IL,0.9427
60146,BOONE_COUNTY_IL,0.0319
60146,DEKALB_COUNTY_IL,0.9582
60146,OGLE_COUNTY_IL,0.005
60146,WINNEBAGO_COUNTY_IL,0.005
60147,KANE_COUNTY_IL,1
60148,DUPAGE_COUNTY_IL,1
60150,DEKALB_COUNTY_IL,1
60151,DEKALB_COUNTY_IL,0.2731
60151,KANE_COUNTY_IL,0.7269
60152,BOONE_COUNTY_IL,0.0007
60152,DEKALB_COUNTY_IL,0.0028
60152,MCHENRY_COUNTY_IL,0.9965
60153,COOK_COUNTY_IL,1
60154,COOK_COUNTY_IL,1
60155,COOK_COUNTY_IL,1
60156,MCHENRY_COUNTY_IL,1
60157,DUPAGE_COUNTY_IL,1
60159,COOK_COUNTY_IL,1
60160,COOK_COUNTY_IL,1
60161,COOK_COUNTY_IL,1
60162,COOK_COUNTY_IL,1
60163,COOK_COUNTY_IL,1
60164,COOK_COUNTY_IL,1
60165,COOK_COUNTY_IL,1
60168,COOK_COUNTY_IL,1
60169,COOK_COUNTY_IL,1
60171,COOK_COUNTY_IL,1
60172,COOK_COUNTY_IL,0.1445
60172,DUPAGE_COUNTY_IL,0.8555
60173,COOK_COUNTY_IL,1
60174,DUPAGE_COUNTY_IL,0.0351
60174,KANE_COUNTY_IL,0.9649
60175,KANE_COUNTY_IL,1
60176,COOK_COUNTY_IL,1
60177,KANE_COUNTY_IL,1
60178,DEKALB_COUNTY_IL,0.9931
60178,KANE_COUNTY_IL,0.0069
60180,MCHENRY_COUNTY_IL,1
60181,DUPAGE_COUNTY_IL,1
60183,KANE_COUNTY_IL,1
60184,DUPAGE_COUNTY_IL,0.6163
60184,KANE_COUNTY_IL,0.3837
60185,DUPAGE_COUNTY_IL,0.9951
60185,KANE_COUNTY_IL,0.0049
60186,DUPAGE_COUNTY_IL,1
60187,DUPAGE_COUNTY_IL,1
60188,DUPAGE_COUNTY_IL,1
60189,DUPAGE_COUNTY_IL,1
60190,DUPAGE_COUNTY_IL,1
60191,DUPAGE_COUNTY_IL,1
60192,COOK_COUNTY_IL,1
60193,COOK_COUNTY_IL,1
60194,COOK_COUNTY_IL,1
60195,COOK_COUNTY_IL,1
60201,COOK_COUNTY_IL,1
60202,COOK_COUNTY_IL,1
60203,COOK_COUNTY_IL,1
60204,COOK_COUNTY_IL,1
60301,COOK_COUNTY_IL,1
60302,COOK_COUNTY_IL,1
60303,COOK_COUNTY_IL,1
60304,COOK_COUNTY_IL,1
60305,COOK_COUNTY_IL,1
60401,KANKAKEE_COUNTY_IL,0.0101
60401,WILL_COUNTY_IL,0.9899
60402,COOK_COUNTY_IL,1
60403,WILL_COUNTY_IL,1
60404,WILL_COUNTY_IL,1
60406,COOK_COUNTY_IL,1
60407,GRUNDY_COUNTY_IL,0.6617
60407,WILL_COUNTY_IL,0.3383
60408,GRUNDY_COUNTY_IL,0.0023
60408,WILL_COUNTY_IL,0.9977
60409,COOK_COUNTY_IL,1
60410,GRUNDY_COUNTY_IL,0.2915
60410,WILL_COUNTY_IL,0.7085
60411,COOK_COUNTY_IL,0.9999
60411,WILL_COUNTY_IL,0.0001
60412,COOK_COUNTY_IL,1
60415,COOK_COUNTY_IL,1
60416,GRUNDY_COUNTY_IL,0.9973
60416,WILL_COUNTY_IL,0.0027
60417,COOK_COUNTY_IL,0.003
60417,WILL_COUNTY_IL,0.997
60418,COOK_COUNTY_IL,1
60419,COOK_COUNTY_IL,1
60420,GRUNDY_COUNTY_IL,0.0433
60420,LIVINGSTON_COUNTY_IL,0.9567
60421,WILL_COUNTY_IL,1
60422,COOK_COUNTY_IL,1
60423,COOK_COUNTY_IL,0.0012
60423,WILL_COUNTY_IL,0.9988
60424,GRUNDY_COUNTY_IL,0.9945
60424,KANKAKEE_COUNTY_IL,0.0055
60425,COOK_COUNTY_IL,1
60426,COOK_COUNTY_IL,1
60428,COOK_COUNTY_IL,1
60429,COOK_COUNTY_IL,1
60430,COOK_COUNTY_IL,1
60431,KENDALL_COUNTY_IL,0.2835
60431,WILL_COUNTY_IL,0.7165
60432,WILL_COUNTY_IL,1
60433,WILL_COUNTY_IL,1
60434,WILL_COUNTY_IL,1
60435,WILL_COUNTY_IL,1
60436,WILL_COUNTY_IL,1
60437,GRUNDY_COUNTY_IL,0.9897
60437,LASALLE_COUNTY_IL,0.0103
60438,COOK_COUNTY_IL,1
60439,COOK_COUNTY_IL,0.9239
60439,DUPAGE_COUNTY_IL,0.0584
60439,WILL_COUNTY_IL,0.0177
60440,DUPAGE_COUNTY_IL,0.0257
60440,WILL_COUNTY_IL,0.9743
60441,WILL_COUNTY_IL,1
60442,WILL_COUNTY_IL,1
60443,COOK_COUNTY_IL,1
60444,GRUNDY_COUNTY_IL,1
60445,COOK_COUNTY_IL,1
60446,WILL_COUNTY_IL,1
60447,GRUNDY_COUNTY_IL,0.721
60447,KENDALL_COUNTY_IL,0.1275
60447,WILL_COUNTY_IL,0.1515
60448,COOK_COUNTY_IL,0.0003
60448,WILL_COUNTY_IL,0.9997
60449,COOK_COUNTY_IL,0.0026
60449,WILL_COUNTY_IL,0.9974
60450,GRUNDY_COUNTY_IL,0.9972
60450,KENDALL_COUNTY_IL,0.0028
60451,WILL_COUNTY_IL,1
60452,COOK_COUNTY_IL,1
60453,COOK_COUNTY_IL,1
60454,COOK_COUNTY_IL,1
60455,COOK_COUNTY_IL,1
60456,COOK_COUNTY_IL,1
60457,COOK_COUNTY_IL,1
60458,COOK_COUNTY_IL,1
60459,COOK_COUNTY_IL,1
60460,LIVINGSTON_COUNTY_IL,1
60461,COOK_COUNTY_IL,1
60462,COOK_COUNTY_IL,1
60463,COOK_COUNTY_IL,1
60464,COOK_COUNTY_IL,1
60465,COOK_COUNTY_IL,1
60466,COOK_COUNTY_IL,0.862
60466,WILL_COUNTY_IL,0.138
60467,COOK_COUNTY_IL,0.8982
60467,WILL_COUNTY_IL,0.1018
60468,KANKAKEE_COUNTY_IL,0.0097
60468,WILL_COUNTY_IL,0.9903
60469,COOK_COUNTY_IL,1
60470,GRUNDY_COUNTY_IL,0.0105
60470,LASALLE_COUNTY_IL,0.9791
60470,LIVINGSTON_COUNTY_IL,0.0105
60471,COOK_COUNTY_IL,0.9956
60471,WILL_COUNTY_IL,0.0044
60472,COOK_COUNTY_IL,1
60473,COOK_COUNTY_IL,1
60474,GRUNDY_COUNTY_IL,1
60475,COOK_COUNTY_IL,0.4053
60475,WILL_COUNTY_IL,0.5947
60476,COOK_COUNTY_IL,1
60477,COOK_COUNTY_IL,0.9978
60477,WILL_COUNTY_IL,0.0022
60478,COOK_COUNTY_IL,1
60479,GRUNDY_COUNTY_IL,1
60480,COOK_COUNTY_IL,1
60481,GRUNDY_COUNTY_IL,0.0299
60481,KANKAKEE_COUNTY_IL,0.0054
60481,WILL_COUNTY_IL,0.9647
60482,COOK_COUNTY_IL,1
60484,COOK_COUNTY_IL,0.0614
60484,WILL_COUNTY_IL,0.9386
60487,COOK_COUNTY_IL,0.7345
60487,WILL_COUNTY_IL,0.2655
60490,WILL_COUNTY_IL,1
60491,COOK_COUNTY_IL,0.0011
60491,WILL_COUNTY_IL,0.9989
60499,COOK_COUNTY_IL,1
60501,COOK_COUNTY_IL,1
60502,DUPAGE_COUNTY_IL,0.7946
60502,KANE_COUNTY_IL,0.2054
60503,KANE_COUNTY_IL,0.0002
60503,KENDALL_COUNTY_IL,0.2803
60503,WILL_COUNTY_IL,0.7196
60504,DUPAGE_COUNTY_IL,0.7844
60504,KANE_COUNTY_IL,0.1884
60504,KENDALL_COUNTY_IL,0.0271
60505,KANE_COUNTY_IL,1
60506,KANE_COUNTY_IL,1.0
60506,KENDALL_COUNTY_IL,0.0
60507,KANE_COUNTY_IL,1
60510,KANE_COUNTY_IL,1
60511,DEKALB_COUNTY_IL,0.0206
60511,KANE_COUNTY_IL,0.9753
60511,KENDALL_COUNTY_IL,0.0041
60512,KENDALL_COUNTY_IL,1
60513,COOK_COUNTY_IL,1
60514,DUPAGE_COUNTY_IL,1
60515,DUPAGE_COUNTY_IL,1
60516,DUPAGE_COUNTY_IL,1
60517,DUPAGE_COUNTY_IL,0.9999
60517,WILL_COUNTY_IL,0.0001
60518,DEKALB_COUNTY_IL,0.0759
60518,LASALLE_COUNTY_IL,0.8805
60518,LEE_COUNTY_IL,0.0436
60519,DUPAGE_COUNTY_IL,1
60520,DEKALB_COUNTY_IL,0.9977
60520,KANE_COUNTY_IL,0.0023
60521,COOK_COUNTY_IL,0.1328
60521,DUPAGE_COUNTY_IL,0.8672
60522,DUPAGE_COUNTY_IL,1
60523,COOK_COUNTY_IL,0.0042
60523,DUPAGE_COUNTY_IL,0.9958
60525,COOK_COUNTY_IL,1
60526,COOK_COUNTY_IL,1
60527,COOK_COUNTY_IL,0.142
60527,DUPAGE_COUNTY_IL,0.858
60530,DEKALB_COUNTY_IL,0.3692
60530,LEE_COUNTY_IL,0.6308
60531,DEKALB_COUNTY_IL,0.0976
60531,LASALLE_COUNTY_IL,0.9024
60532,DUPAGE_COUNTY_IL,1
60534,COOK_COUNTY_IL,1
60536,KENDALL_COUNTY_IL,1
60537,KENDALL_COUNTY_IL,0.3917
60537,LASALLE_COUNTY_IL,0.6083
60538,KANE_COUNTY_IL,0.2729
60538,KENDALL_COUNTY_IL,0.7271
60539,KANE_COUNTY_IL,1
60540,DUPAGE_COUNTY_IL,1
60541,GRUNDY_COUNTY_IL,0.0299
60541,KENDALL_COUNTY_IL,0.9135
60541,LASALLE_COUNTY_IL,0.0567
60542,KANE_COUNTY_IL,1
60543,KANE_COUNTY_IL,0.0018
60543,KENDALL_COUNTY_IL,0.9978
60543,WILL_COUNTY_IL,0.0004
60544,KENDALL_COUNTY_IL,0.027
60544,WILL_COUNTY_IL,0.973
60545,KANE_COUNTY_IL,0.0006
60545,KENDALL_COUNTY_IL,0.9994
60546,COOK_COUNTY_IL,1
60548,DEKALB_COUNTY_IL,0.6262
60548,KENDALL_COUNTY_IL,0.028
60548,LASALLE_COUNTY_IL,0.3459
60549,LASALLE_COUNTY_IL,1
60550,DEKALB_COUNTY_IL,1
60551,KENDALL_COUNTY_IL,0.0006
60551,LASALLE_COUNTY_IL,0.9994
60552,DEKALB_COUNTY_IL,0.4747
60552,LASALLE_COUNTY_IL,0.5253
60553,DEKALB_COUNTY_IL,0.0031
60553,LEE_COUNTY_IL,0.9939
60553,OGLE_COUNTY_IL,0.0031
60554,KANE_COUNTY_IL,0.9968
60554,KENDALL_COUNTY_IL,0.0032
60555,DUPAGE_COUNTY_IL,1
60556,DEKALB_COUNTY_IL,1
60557,LASALLE_COUNTY_IL,1
60558,COOK_COUNTY_IL,1
60559,DUPAGE_COUNTY_IL,1
60560,KENDALL_COUNTY_IL,1
60561,DUPAGE_COUNTY_IL,1
60563,DUPAGE_COUNTY_IL,1
60564,DUPAGE_COUNTY_IL,0.1126
60564,WILL_COUNTY_IL,0.8874
60565,DUPAGE_COUNTY_IL,0.6614
60565,WILL_COUNTY_IL,0.3386
60566,DUPAGE_COUNTY_IL,1
60567,DUPAGE_COUNTY_IL,0.8051
60567,WILL_COUNTY_IL,0.1949
60585,KENDALL_COUNTY_IL,0.1481
60585,WILL_COUNTY_IL,0.8519
60586,KENDALL_COUNTY_IL,0.1125
60586,WILL_COUNTY_IL,0.8875
60598,DUPAGE_COUNTY_IL,1
60601,COOK_COUNTY_IL,1
60602,COOK_COUNTY_IL,1
60603,COOK_COUNTY_IL,1
60604,COOK_COUNTY_IL,1
60605,COOK_COUNTY_IL,1
60606,COOK_COUNTY_IL,1
60607,COOK_COUNTY_IL,1
60608,COOK_COUNTY_IL,1
60609,COOK_COUNTY_IL,1
60610,COOK_COUNTY_IL,1
60611,COOK_COUNTY_IL,1
60612,COOK_COUNTY_IL,1
60613,COOK_COUNTY_IL,1
60614,COOK_COUNTY_IL,1
60615,COOK_COUNTY_IL,1
60616,COOK_COUNTY_IL,1
60617,COOK_COUNTY_IL,1
60618,COOK_COUNTY_IL,1
60619,COOK_COUNTY_IL,1
60620,COOK_COUNTY_IL,1
60621,COOK_COUNTY_IL,1
60622,COOK_COUNTY_IL,1
60623,COOK_COUNTY_IL,1
60624,COOK_COUNTY_IL,1
60625,COOK_COUNTY_IL,1
60626,COOK_COUNTY_IL,1
60628,COOK_COUNTY_IL,1
60629,COOK_COUNTY_IL,1
60630,COOK_COUNTY_IL,1
60631,COOK_COUNTY_IL,1
60632,COOK_COUNTY_IL,1
60633,COOK_COUNTY_IL,1
60634,COOK_COUNTY_IL,1
60636,COOK_COUNTY_IL,1
60637,COOK_COUNTY_IL,1
60638,COOK_COUNTY_IL,1
60639,COOK_COUNTY_IL,1
60640,COOK_COUNTY_IL,1
60641,COOK_COUNTY_IL,1
60642,COOK_COUNTY_IL,1
60643,COOK_COUNTY_IL,1
60644,COOK_COUNTY_IL,1
60645,COOK_COUNTY_IL,1
60646,COOK_COUNTY_IL,1
60647,COOK_COUNTY_IL,1
60649,COOK_COUNTY_IL,1
60651,COOK_COUNTY_IL,1
60652,COOK_COUNTY_IL,1
60653,COOK_COUNTY_IL,1
60654,COOK_COUNTY_IL,1
60655,COOK_COUNTY_IL,1
60656,COOK_COUNTY_IL,1
60657,COOK_COUNTY_IL,1
60659,COOK_COUNTY_IL,1
60660,COOK_COUNTY_IL,1
60661,COOK_COUNTY_IL,1
60666,COOK_COUNTY_IL,1
60690,COOK_COUNTY_IL,1
60694,COOK_COUNTY_IL,1
60701,COOK_COUNTY_IL,1
60706,COOK_COUNTY_IL,1
60707,COOK_COUNTY_IL,1
60712,COOK_COUNTY_IL,1
60714,COOK_COUNTY_IL,1
60803,COOK_COUNTY_IL,1
60804,COOK_COUNTY_IL,1
60805,COOK_COUNTY_IL,1
60827,COOK_COUNTY_IL,1
60901,KANKAKEE_COUNTY_IL,1
60910,KANKAKEE_COUNTY_IL,1
60911,FORD_COUNTY_IL,0.0047
60911,IROQUOIS_COUNTY_IL,0.9953
60912,IROQUOIS_COUNTY_IL,1
60913,KANKAKEE_COUNTY_IL,1
60914,KANKAKEE_COUNTY_IL,1
60915,KANKAKEE_COUNTY_IL,1
60917,FORD_COUNTY_IL,0.0086
60917,KANKAKEE_COUNTY_IL,0.9313
60917,LIVINGSTON_COUNTY_IL,0.0601
60918,FORD_COUNTY_IL,0.0076
60918,IROQUOIS_COUNTY_IL,0.9924
60919,FORD_COUNTY_IL,0.7244
60919,KANKAKEE_COUNTY_IL,0.1496
60919,LIVINGSTON_COUNTY_IL,0.126
60920,LIVINGSTON_COUNTY_IL,1
60921,FORD_COUNTY_IL,0.0055
60921,LIVINGSTON_COUNTY_IL,0.9945
60922,IROQUOIS_COUNTY_IL,0.4315
60922,KANKAKEE_COUNTY_IL,0.5685
60924,IROQUOIS_COUNTY_IL,1
60926,IROQUOIS_COUNTY_IL,1
60927,FORD_COUNTY_IL,0.0039
60927,IROQUOIS_COUNTY_IL,0.9961
60928,IROQUOIS_COUNTY_IL,1
60929,FORD_COUNTY_IL,0.0252
60929,LIVINGSTON_COUNTY_IL,0.9748
60930,IROQUOIS_COUNTY_IL,1
60931,IROQUOIS_COUNTY_IL,1
60933,FORD_COUNTY_IL,1
60934,LIVINGSTON_COUNTY_IL,1
60935,KANKAKEE_COUNTY_IL,0.9951
60935,WILL_COUNTY_IL,0.0049
60936,CHAMPAIGN_COUNTY_IL,0.0014
60936,FORD_COUNTY_IL,0.9932
60936,MCLEAN_COUNTY_IL,0.0054
60938,IROQUOIS_COUNTY_IL,1
60939,IROQUOIS_COUNTY_IL,1
60940,KANKAKEE_COUNTY_IL,0.9801
60940,WILL_COUNTY_IL,0.0199
60941,FORD_COUNTY_IL,0.0021
60941,IROQUOIS_COUNTY_IL,0.0193
60941,KANKAKEE_COUNTY_IL,0.9786
60942,IROQUOIS_COUNTY_IL,0.0258
60942,VERMILION_COUNTY_IL,0.9742
60945,IROQUOIS_COUNTY_IL,1
60946,FORD_COUNTY_IL,0.9021
60946,LIVINGSTON_COUNTY_IL,0.0979
60948,FORD_COUNTY_IL,0.0599
60948,IROQUOIS_COUNTY_IL,0.9401
60949,CHAMPAIGN_COUNTY_IL,0.9655
60949,FORD_COUNTY_IL,0.0345
60950,KANKAKEE_COUNTY_IL,0.9951
60950,WILL_COUNTY_IL,0.0049
60951,IROQUOIS_COUNTY_IL,1
60952,FORD_COUNTY_IL,0.9969
60952,LIVINGSTON_COUNTY_IL,0.0031
60953,IROQUOIS_COUNTY_IL,1
60954,KANKAKEE_COUNTY_IL,1
60955,FORD_COUNTY_IL,0.0024
60955,IROQUOIS_COUNTY_IL,0.9976
60956,IROQUOIS_COUNTY_IL,1
60957,CHAMPAIGN_COUNTY_IL,0.0157
60957,FORD_COUNTY_IL,0.982
60957,IROQUOIS_COUNTY_IL,0.0024
60958,KANKAKEE_COUNTY_IL,1
60959,FORD_COUNTY_IL,0.9804
60959,LIVINGSTON_COUNTY_IL,0.0196
60960,CHAMPAIGN_COUNTY_IL,0.0145
60960,FORD_COUNTY_IL,0.1473
60960,IROQUOIS_COUNTY_IL,0.0415
60960,VERMILION_COUNTY_IL,0.7967
60961,GRUNDY_COUNTY_IL,0.0226
60961,KANKAKEE_COUNTY_IL,0.8765
60961,LIVINGSTON_COUNTY_IL,0.1008
60962,FORD_COUNTY_IL,0.9969
60962,LIVINGSTON_COUNTY_IL,0.0031
60963,VERMILION_COUNTY_IL,1
60964,IROQUOIS_COUNTY_IL,0.0666
60964,KANKAKEE_COUNTY_IL,0.9334
60966,IROQUOIS_COUNTY_IL,1
60967,IROQUOIS_COUNTY_IL,1
60968,FORD_COUNTY_IL,0.2019
60968,IROQUOIS_COUNTY_IL,0.7981
60969,KANKAKEE_COUNTY_IL,1
60970,IROQUOIS_COUNTY_IL,1
60973,IROQUOIS_COUNTY_IL,1
60974,IROQUOIS_COUNTY_IL,1
61001,JO_DAVIESS_COUNTY_IL,1
61006,LEE_COUNTY_IL,0.8752
61006,OGLE_COUNTY_IL,0.1248
61007,OGLE_COUNTY_IL,0.6165
61007,STEPHENSON_COUNTY_IL,0.3835
61008,BOONE_COUNTY_IL,0.9949
61008,WINNEBAGO_COUNTY_IL,0.0051
61010,OGLE_COUNTY_IL,1
61011,BOONE_COUNTY_IL,0.6416
61011,WINNEBAGO_COUNTY_IL,0.3584
61012,BOONE_COUNTY_IL,0.9989
61012,MCHENRY_COUNTY_IL,0.0011
61013,STEPHENSON_COUNTY_IL,1
61014,CARROLL_COUNTY_IL,0.8664
61014,WHITESIDE_COUNTY_IL,0.1336
61015,OGLE_COUNTY_IL,1
61016,BOONE_COUNTY_IL,0.1166
61016,WINNEBAGO_COUNTY_IL,0.8834
61018,STEPHENSON_COUNTY_IL,1
61019,STEPHENSON_COUNTY_IL,0.5872
61019,WINNEBAGO_COUNTY_IL,0.4128
61020,OGLE_COUNTY_IL,0.9798
61020,WINNEBAGO_COUNTY_IL,0.0202
61021,LEE_COUNTY_IL,0.9287
61021,OGLE_COUNTY_IL,0.0713
61024,WINNEBAGO_COUNTY_IL,1
61025,JO_DAVIESS_COUNTY_IL,1
61028,CARROLL_COUNTY_IL,0.0072
61028,JO_DAVIESS_COUNTY_IL,0.9928
61030,OGLE_COUNTY_IL,1
61031,LEE_COUNTY_IL,0.9814
61031,OGLE_COUNTY_IL,0.0186
61032,STEPHENSON_COUNTY_IL,1
61036,JO_DAVIESS_COUNTY_IL,1
61038,BOONE_COUNTY_IL,0.9283
61038,MCHENRY_COUNTY_IL,0.0717
61039,OGLE_COUNTY_IL,0.1698
61039,STEPHENSON_COUNTY_IL,0.8249
61039,WINNEBAGO_COUNTY_IL,0.0053
61041,JO_DAVIESS_COUNTY_IL,1
61042,LEE_COUNTY_IL,0.9921
61042,WHITESIDE_COUNTY_IL,0.0079
61043,OGLE_COUNTY_IL,1
61044,JO_DAVIESS_COUNTY_IL,0.2696
61044,STEPHENSON_COUNTY_IL,0.7304
61046,CARROLL_COUNTY_IL,1
61047,OGLE_COUNTY_IL,0.976
61047,STEPHENSON_COUNTY_IL,0.0048
61047,WINNEBAGO_COUNTY_IL,0.0192
61048,JO_DAVIESS_COUNTY_IL,0.019
61048,STEPHENSON_COUNTY_IL,0.981
61049,OGLE_COUNTY_IL,1
61050,STEPHENSON_COUNTY_IL,1
61051,CARROLL_COUNTY_IL,0.9769
61051,OGLE_COUNTY_IL,0.0207
61051,WHITESIDE_COUNTY_IL,0.0024
61052,DEKALB_COUNTY_IL,0.0085
61052,OGLE_COUNTY_IL,0.9789
61052,WINNEBAGO_COUNTY_IL,0.0127
61053,CARROLL_COUNTY_IL,0.9568
61053,JO_DAVIESS_COUNTY_IL,0.0432
61054,OGLE_COUNTY_IL,1
61057,LEE_COUNTY_IL,1
61060,STEPHENSON_COUNTY_IL,1
61061,OGLE_COUNTY_IL,1
61062,CARROLL_COUNTY_IL,0.0035
61062,JO_DAVIESS_COUNTY_IL,0.0197
61062,STEPHENSON_COUNTY_IL,0.9769
61063,STEPHENSON_COUNTY_IL,0.0531
61063,WINNEBAGO_COUNTY_IL,0.9469
61064,CARROLL_COUNTY_IL,0.005
61064,LEE_COUNTY_IL,0.0017
61064,OGLE_COUNTY_IL,0.9912
61064,WHITESIDE_COUNTY_IL,0.0022
61065,BOONE_COUNTY_IL,1
61067,STEPHENSON_COUNTY_IL,1
61068,DEKALB_COUNTY_IL,0.0025
61068,LEE_COUNTY_IL,0.0064
61068,OGLE_COUNTY_IL,0.9912
61070,STEPHENSON_COUNTY_IL,1
61071,LEE_COUNTY_IL,0.0083
61071,WHITESIDE_COUNTY_IL,0.9917
61072,WINNEBAGO_COUNTY_IL,1
61073,BOONE_COUNTY_IL,0.0063
61073,WINNEBAGO_COUNTY_IL,0.9937
61074,CARROLL_COUNTY_IL,0.9946
61074,JO_DAVIESS_COUNTY_IL,0.0054
61075,JO_DAVIESS_COUNTY_IL,1
61078,CARROLL_COUNTY_IL,0.8891
61078,OGLE_COUNTY_IL,0.0555
61078,STEPHENSON_COUNTY_IL,0.0555
61079,WINNEBAGO_COUNTY_IL,1
61080,BOONE_COUNTY_IL,0.014
61080,WINNEBAGO_COUNTY_IL,0.986
61081,LEE_COUNTY_IL,0.0226
61081,WHITESIDE_COUNTY_IL,0.9774
61084,OGLE_COUNTY_IL,0.9484
61084,WINNEBAGO_COUNTY_IL,0.0516
61085,JO_DAVIESS_COUNTY_IL,1
61087,JO_DAVIESS_COUNTY_IL,0.9944
61087,STEPHENSON_COUNTY_IL,0.0056
61088,OGLE_COUNTY_IL,0.0046
61088,WINNEBAGO_COUNTY_IL,0.9954
61089,JO_DAVIESS_COUNTY_IL,0.0075
61089,STEPHENSON_COUNTY_IL,0.9925
61091,OGLE_COUNTY_IL,1
61101,WINNEBAGO_COUNTY_IL,1
61102,OGLE_COUNTY_IL,0.0134
61102,WINNEBAGO_COUNTY_IL,0.9866
61103,WINNEBAGO_COUNTY_IL,1
61104,WINNEBAGO_COUNTY_IL,1
61105,WINNEBAGO_COUNTY_IL,1
61107,BOONE_COUNTY_IL,0.0124
61107,WINNEBAGO_COUNTY_IL,0.9876
61108,BOONE_COUNTY_IL,0.0001
61108,WINNEBAGO_COUNTY_IL,0.9999
61109,OGLE_COUNTY_IL,0.0011
61109,WINNEBAGO_COUNTY_IL,0.9989
61110,WINNEBAGO_COUNTY_IL,1
61111,BOONE_COUNTY_IL,0.0618
61111,WINNEBAGO_COUNTY_IL,0.9382
61112,WINNEBAGO_COUNTY_IL,1
61114,BOONE_COUNTY_IL,0.0248
61114,WINNEBAGO_COUNTY_IL,0.9752
61115,WINNEBAGO_COUNTY_IL,1
61125,WINNEBAGO_COUNTY_IL,1
61126,WINNEBAGO_COUNTY_IL,1
61130,WINNEBAGO_COUNTY_IL,1
61131,WINNEBAGO_COUNTY_IL,1
61132,WINNEBAGO_COUNTY_IL,1
61201,ROCK_ISLAND_COUNTY_IL,1
61204,ROCK_ISLAND_COUNTY_IL,1
61230,WHITESIDE_COUNTY_IL,1
61231,MERCER_COUNTY_IL,1
61232,ROCK_ISLAND_COUNTY_IL,1
61233,HENRY_COUNTY_IL,1
61234,HENRY_COUNTY_IL,1
61235,HENRY_COUNTY_IL,1
61236,ROCK_ISLAND_COUNTY_IL,1
61237,ROCK_ISLAND_COUNTY_IL,1
61238,HENRY_COUNTY_IL,1
61239,ROCK_ISLAND_COUNTY_IL,1
61240,HENRY_COUNTY_IL,0.1705
61240,ROCK_ISLAND_COUNTY_IL,0.8295
61241,HENRY_COUNTY_IL,1
61242,ROCK_ISLAND_COUNTY_IL,1
61243,BUREAU_COUNTY_IL,0.0089
61243,LEE_COUNTY_IL,0.0446
61243,WHITESIDE_COUNTY_IL,0.9464
61244,ROCK_ISLAND_COUNTY_IL,1
61250,HENRY_COUNTY_IL,0.0172
61250,WHITESIDE_COUNTY_IL,0.9828
61251,WHITESIDE_COUNTY_IL,1
61252,CARROLL_COUNTY_IL,0.0015
61252,WHITESIDE_COUNTY_IL,0.9985
61254,HENRY_COUNTY_IL,0.9998
61254,WHITESIDE_COUNTY_IL,0.0002
61256,ROCK_ISLAND_COUNTY_IL,1
61257,ROCK_ISLAND_COUNTY_IL,1
61258,HENRY_COUNTY_IL,1
61259,MERCER_COUNTY_IL,0.0174
61259,ROCK_ISLAND_COUNTY_IL,0.9826
61260,MERCER_COUNTY_IL,0.972
61260,ROCK_ISLAND_COUNTY_IL,0.028
61261,WHITESIDE_COUNTY_IL,1
61262,HENRY_COUNTY_IL,0.8028
61262,MERCER_COUNTY_IL,0.1972
61263,MERCER_COUNTY_IL,1
61264,MERCER_COUNTY_IL,0.0046
61264,ROCK_ISLAND_COUNTY_IL,0.9954
61265,ROCK_ISLAND_COUNTY_IL,1
61266,ROCK_ISLAND_COUNTY_IL,1
61270,CARROLL_COUNTY_IL,0.0006
61270,WHITESIDE_COUNTY_IL,0.9994
61272,MERCER_COUNTY_IL,0.9879
61272,ROCK_ISLAND_COUNTY_IL,0.0121
61273,HENRY_COUNTY_IL,0.9436
61273,MERCER_COUNTY_IL,0.0021
61273,ROCK_ISLAND_COUNTY_IL,0.0543
61274,HENRY_COUNTY_IL,1
61275,ROCK_ISLAND_COUNTY_IL,1
61276,MERCER_COUNTY_IL,1
61277,HENRY_COUNTY_IL,0.1199
61277,WHITESIDE_COUNTY_IL,0.8801
61278,ROCK_ISLAND_COUNTY_IL,1
61279,MERCER_COUNTY_IL,0.3178
61279,ROCK_ISLAND_COUNTY_IL,0.6822
61281,MERCER_COUNTY_IL,0.9518
61281,ROCK_ISLAND_COUNTY_IL,0.0482
61282,ROCK_ISLAND_COUNTY_IL,1
61283,BUREAU_COUNTY_IL,0.236
61283,HENRY_COUNTY_IL,0.0043
61283,WHITESIDE_COUNTY_IL,0.7597
61284,ROCK_ISLAND_COUNTY_IL,1
61285,CARROLL_COUNTY_IL,1
61301,LASALLE_COUNTY_IL,1
61310,LEE_COUNTY_IL,1
61311,LASALLE_COUNTY_IL,0.0222
61311,LIVINGSTON_COUNTY_IL,0.9778
61312,BUREAU_COUNTY_IL,1
61313,LIVINGSTON_COUNTY_IL,1
61314,BUREAU_COUNTY_IL,0.9779
61314,STARK_COUNTY_IL,0.0221
61315,BUREAU_COUNTY_IL,1
61316,LASALLE_COUNTY_IL,1
61317,BUREAU_COUNTY_IL,1
61318,LEE_COUNTY_IL,1
61319,LIVINGSTON_COUNTY_IL,1
61320,BUREAU_COUNTY_IL,0.9935
61320,LASALLE_COUNTY_IL,0.0065
61321,LASALLE_COUNTY_IL,0.9651
61321,LIVINGSTON_COUNTY_IL,0.0174
61321,MARSHALL_COUNTY_IL,0.0058
61321,WOODFORD_COUNTY_IL,0.0116
61322,BUREAU_COUNTY_IL,1
61323,BUREAU_COUNTY_IL,1
61324,LEE_COUNTY_IL,1
61325,LASALLE_COUNTY_IL,1
61326,PUTNAM_COUNTY_IL,1
61327,PUTNAM_COUNTY_IL,1
61328,BUREAU_COUNTY_IL,1
61329,BUREAU_COUNTY_IL,1
61330,BUREAU_COUNTY_IL,0.9754
61330,LEE_COUNTY_IL,0.0246
61331,LEE_COUNTY_IL,1
61332,LASALLE_COUNTY_IL,1
61333,LASALLE_COUNTY_IL,0.0057
61333,LIVINGSTON_COUNTY_IL,0.9943
61334,LASALLE_COUNTY_IL,0.9528
61334,MARSHALL_COUNTY_IL,0.0029
61334,PUTNAM_COUNTY_IL,0.0442
61335,PUTNAM_COUNTY_IL,1
61336,LASALLE_COUNTY_IL,0.0069
61336,MARSHALL_COUNTY_IL,0.1078
61336,PUTNAM_COUNTY_IL,0.8853
61337,BUREAU_COUNTY_IL,1
61338,BUREAU_COUNTY_IL,1
61340,PUTNAM_COUNTY_IL,1
61341,LASALLE_COUNTY_IL,1
61342,BUREAU_COUNTY_IL,0.0143
61342,LASALLE_COUNTY_IL,0.9779
61342,LEE_COUNTY_IL,0.0078
61344,BUREAU_COUNTY_IL,0.9455
61344,HENRY_COUNTY_IL,0.0545
61345,BUREAU_COUNTY_IL,1
61346,BUREAU_COUNTY_IL,1
61348,LASALLE_COUNTY_IL,1
61349,BUREAU_COUNTY_IL,0.8988
61349,LEE_COUNTY_IL,0.1012
61350,LASALLE_COUNTY_IL,1
61353,DEKALB_COUNTY_IL,0.0064
61353,LEE_COUNTY_IL,0.9936
61354,BUREAU_COUNTY_IL,0.0042
61354,LASALLE_COUNTY_IL,0.9944
61354,PUTNAM_COUNTY_IL,0.0015
61356,BUREAU_COUNTY_IL,1
61358,LASALLE_COUNTY_IL,0.8025
61358,MARSHALL_COUNTY_IL,0.1975
61359,BUREAU_COUNTY_IL,1
61360,GRUNDY_COUNTY_IL,0.0446
61360,LASALLE_COUNTY_IL,0.9554
61361,BUREAU_COUNTY_IL,0.9621
61361,HENRY_COUNTY_IL,0.0379
61362,BUREAU_COUNTY_IL,1
61363,PUTNAM_COUNTY_IL,1
61364,LASALLE_COUNTY_IL,0.8854
61364,LIVINGSTON_COUNTY_IL,0.1146
61367,LEE_COUNTY_IL,1
61368,BUREAU_COUNTY_IL,1
61369,MARSHALL_COUNTY_IL,1
61370,LASALLE_COUNTY_IL,1
61371,LASALLE_COUNTY_IL,1
61372,LASALLE_COUNTY_IL,1
61373,LASALLE_COUNTY_IL,1
61374,BUREAU_COUNTY_IL,1
61375,MARSHALL_COUNTY_IL,1
61376,BUREAU_COUNTY_IL,0.9647
61376,LEE_COUNTY_IL,0.0323
61376,WHITESIDE_COUNTY_IL,0.0029
61377,LASALLE_COUNTY_IL,0.1223
61377,MARSHALL_COUNTY_IL,0.8777
61378,LEE_COUNTY_IL,1
61379,BUREAU_COUNTY_IL,1
61401,KNOX_COUNTY_IL,0.9903
61401,MERCER_COUNTY_IL,0.0001
61401,WARREN_COUNTY_IL,0.0096
61402,KNOX_COUNTY_IL,1
61410,KNOX_COUNTY_IL,0.9644
61410,WARREN_COUNTY_IL,0.0356
61411,MCDONOUGH_COUNTY_IL,1
61412,KNOX_COUNTY_IL,0.0081
61412,MERCER_COUNTY_IL,0.3952
61412,WARREN_COUNTY_IL,0.5968
61413,HENRY_COUNTY_IL,0.9962
61413,MERCER_COUNTY_IL,0.0038
61414,HENRY_COUNTY_IL,0.094
61414,KNOX_COUNTY_IL,0.906
61415,FULTON_COUNTY_IL,0.658
61415,MCDONOUGH_COUNTY_IL,0.0043
61415,WARREN_COUNTY_IL,0.3376
61416,MCDONOUGH_COUNTY_IL,1
61417,WARREN_COUNTY_IL,1
61418,HENDERSON_COUNTY_IL,0.9944
61418,WARREN_COUNTY_IL,0.0056
61419,HENRY_COUNTY_IL,1
61420,HANCOCK_COUNTY_IL,0.0824
61420,MCDONOUGH_COUNTY_IL,0.9176
61421,BUREAU_COUNTY_IL,0.1744
61421,MARSHALL_COUNTY_IL,0.0371
61421,STARK_COUNTY_IL,0.7885
61422,MCDONOUGH_COUNTY_IL,1
61423,KNOX_COUNTY_IL,0.0037
61423,WARREN_COUNTY_IL,0.9963
61425,HENDERSON_COUNTY_IL,1
61427,FULTON_COUNTY_IL,1
61428,KNOX_COUNTY_IL,1
61430,KNOX_COUNTY_IL,1
61431,FULTON_COUNTY_IL,1
61432,FULTON_COUNTY_IL,1
61434,HENRY_COUNTY_IL,0.9562
61434,KNOX_COUNTY_IL,0.0421
61434,STARK_COUNTY_IL,0.0018
61435,WARREN_COUNTY_IL,1
61436,KNOX_COUNTY_IL,1
61437,HENDERSON_COUNTY_IL,1
61438,MCDONOUGH_COUNTY_IL,0.9944
61438,WARREN_COUNTY_IL,0.0056
61439,KNOX_COUNTY_IL,1
61440,MCDONOUGH_COUNTY_IL,0.9551
61440,SCHUYLER_COUNTY_IL,0.0449
61441,FULTON_COUNTY_IL,1
61442,HENDERSON_COUNTY_IL,0.0247
61442,MERCER_COUNTY_IL,0.9753
61443,BUREAU_COUNTY_IL,0.0017
61443,HENRY_COUNTY_IL,0.9981
61443,STARK_COUNTY_IL,0.0001
61447,WARREN_COUNTY_IL,1
61448,KNOX_COUNTY_IL,1
61449,KNOX_COUNTY_IL,0.21
61449,STARK_COUNTY_IL,0.79
61450,HANCOCK_COUNTY_IL,0.9827
61450,HENDERSON_COUNTY_IL,0.0082
61450,MCDONOUGH_COUNTY_IL,0.0092
61451,PEORIA_COUNTY_IL,1
61452,MCDONOUGH_COUNTY_IL,0.033
61452,SCHUYLER_COUNTY_IL,0.967
61453,HENDERSON_COUNTY_IL,0.1579
61453,WARREN_COUNTY_IL,0.8421
61454,HANCOCK_COUNTY_IL,0.0056
61454,HENDERSON_COUNTY_IL,0.9944
61455,MCDONOUGH_COUNTY_IL,1
61458,KNOX_COUNTY_IL,1
61459,FULTON_COUNTY_IL,0.794
61459,MCDONOUGH_COUNTY_IL,0.206
61460,HENDERSON_COUNTY_IL,1
61462,HENDERSON_COUNTY_IL,0.0005
61462,WARREN_COUNTY_IL,0.9995
61465,HENRY_COUNTY_IL,0.0449
61465,MERCER_COUNTY_IL,0.9551
61466,KNOX_COUNTY_IL,0.0063
61466,MERCER_COUNTY_IL,0.9748
61466,WARREN_COUNTY_IL,0.0189
61467,KNOX_COUNTY_IL,1
61468,HENRY_COUNTY_IL,1
61469,HENDERSON_COUNTY_IL,1
61470,MCDONOUGH_COUNTY_IL,1
61471,HENDERSON_COUNTY_IL,1
61472,KNOX_COUNTY_IL,0.972
61472,MERCER_COUNTY_IL,0.028
61473,MCDONOUGH_COUNTY_IL,0.0013
61473,WARREN_COUNTY_IL,0.9987
61474,FULTON_COUNTY_IL,0.0314
61474,KNOX_COUNTY_IL,0.8994
61474,WARREN_COUNTY_IL,0.0692
61475,MCDONOUGH_COUNTY_IL,0.9211
61475,WARREN_COUNTY_IL,0.0789
61476,HENDERSON_COUNTY_IL,0.0127
61476,MERCER_COUNTY_IL,0.962
61476,WARREN_COUNTY_IL,0.0253
61477,FULTON_COUNTY_IL,1
61478,HENDERSON_COUNTY_IL,0.0061
61478,WARREN_COUNTY_IL,0.9939
61479,MARSHALL_COUNTY_IL,0.4787
61479,PEORIA_COUNTY_IL,0.0426
61479,STARK_COUNTY_IL,0.4787
61480,HENDERSON_COUNTY_IL,1
61482,FULTON_COUNTY_IL,0.9238
61482,MCDONOUGH_COUNTY_IL,0.0762
61483,STARK_COUNTY_IL,1
61484,FULTON_COUNTY_IL,0.8797
61484,MCDONOUGH_COUNTY_IL,0.0967
61484,SCHUYLER_COUNTY_IL,0.0236
61485,KNOX_COUNTY_IL,1
61486,MERCER_COUNTY_IL,1
61488,KNOX_COUNTY_IL,1
61489,KNOX_COUNTY_IL,0.9744
61489,PEORIA_COUNTY_IL,0.0256
61490,HENRY_COUNTY_IL,0.9912
61490,KNOX_COUNTY_IL,0.0088
61491,MARSHALL_COUNTY_IL,0.0288
61491,STARK_COUNTY_IL,0.9712
61501,FULTON_COUNTY_IL,0.9982
61501,SCHUYLER_COUNTY_IL,0.0018
61516,WOODFORD_COUNTY_IL,1
61517,PEORIA_COUNTY_IL,1
61519,FULTON_COUNTY_IL,1
61520,FULTON_COUNTY_IL,0.999
61520,PEORIA_COUNTY_IL,0.001
61523,MARSHALL_COUNTY_IL,0.0074
61523,PEORIA_COUNTY_IL,0.9926
61524,FULTON_COUNTY_IL,1
61525,PEORIA_COUNTY_IL,1
61526,MARSHALL_COUNTY_IL,0.0352
61526,PEORIA_COUNTY_IL,0.9648
61528,PEORIA_COUNTY_IL,1
61529,KNOX_COUNTY_IL,0.0254
61529,PEORIA_COUNTY_IL,0.9746
61530,TAZEWELL_COUNTY_IL,0.005
61530,WOODFORD_COUNTY_IL,0.995
61531,FULTON_COUNTY_IL,0.9677
61531,KNOX_COUNTY_IL,0.0115
61531,PEORIA_COUNTY_IL,0.0207
61532,MASON_COUNTY_IL,1
61533,FULTON_COUNTY_IL,0.0971
61533,PEORIA_COUNTY_IL,0.9029
61534,MASON_COUNTY_IL,0.0014
61534,TAZEWELL_COUNTY_IL,0.9986
61535,TAZEWELL_COUNTY_IL,1
61536,PEORIA_COUNTY_IL,1
61537,MARSHALL_COUNTY_IL,1
61539,PEORIA_COUNTY_IL,1
61540,MARSHALL_COUNTY_IL,1
61541,MARSHALL_COUNTY_IL,1
61542,FULTON_COUNTY_IL,1
61543,FULTON_COUNTY_IL,1
61544,FULTON_COUNTY_IL,0.7564
61544,KNOX_COUNTY_IL,0.2436
61545,WOODFORD_COUNTY_IL,1
61546,MASON_COUNTY_IL,0.5355
61546,TAZEWELL_COUNTY_IL,0.4645
61547,PEORIA_COUNTY_IL,1
61548,TAZEWELL_COUNTY_IL,0.0014
61548,WOODFORD_COUNTY_IL,0.9986
61550,TAZEWELL_COUNTY_IL,1
61552,PEORIA_COUNTY_IL,1
61553,FULTON_COUNTY_IL,1
61554,TAZEWELL_COUNTY_IL,1
61555,TAZEWELL_COUNTY_IL,1
61559,PEORIA_COUNTY_IL,0.9889
61559,STARK_COUNTY_IL,0.0111
61560,BUREAU_COUNTY_IL,0.0368
61560,MARSHALL_COUNTY_IL,0.0176
61560,PUTNAM_COUNTY_IL,0.9456
61561,WOODFORD_COUNTY_IL,1
61562,PEORIA_COUNTY_IL,1
61563,FULTON_COUNTY_IL,1
61564,TAZEWELL_COUNTY_IL,1
61565,MARSHALL_COUNTY_IL,0.9557
61565,PEORIA_COUNTY_IL,0.0443
61567,MASON_COUNTY_IL,1
61568,TAZEWELL_COUNTY_IL,1
61569,FULTON_COUNTY_IL,0.0146
61569,PEORIA_COUNTY_IL,0.9854
61570,MARSHALL_COUNTY_IL,0.3397
61570,WOODFORD_COUNTY_IL,0.6603
61571,TAZEWELL_COUNTY_IL,0.9996
61571,WOODFORD_COUNTY_IL,0.0004
61572,KNOX_COUNTY_IL,1
61601,PEORIA_COUNTY_IL,1
61602,PEORIA_COUNTY_IL,1
61603,PEORIA_COUNTY_IL,1
61604,PEORIA_COUNTY_IL,1
61605,PEORIA_COUNTY_IL,1
61606,PEORIA_COUNTY_IL,1
61607,PEORIA_COUNTY_IL,1
61610,TAZEWELL_COUNTY_IL,1
61611,TAZEWELL_COUNTY_IL,0.8483
61611,WOODFORD_COUNTY_IL,0.1517
61612,PEORIA_COUNTY_IL,1
61614,PEORIA_COUNTY_IL,1
61615,PEORIA_COUNTY_IL,1
61616,PEORIA_COUNTY_IL,1
61651,PEORIA_COUNTY_IL,1
61652,PEORIA_COUNTY_IL,1
61653,PEORIA_COUNTY_IL,1
61654,PEORIA_COUNTY_IL,1
61655,PEORIA_COUNTY_IL,1
61656,PEORIA_COUNTY_IL,1
61701,MCLEAN_COUNTY_IL,1
61702,MCLEAN_COUNTY_IL,1
61704,MCLEAN_COUNTY_IL,1
61705,MCLEAN_COUNTY_IL,1
61720,FORD_COUNTY_IL,0.016
61720,MCLEAN_COUNTY_IL,0.984
61721,LOGAN_COUNTY_IL,0.0433
61721,TAZEWELL_COUNTY_IL,0.9567
61722,MCLEAN_COUNTY_IL,1
61723,LOGAN_COUNTY_IL,0.9933
61723,MCLEAN_COUNTY_IL,0.0067
61724,MCLEAN_COUNTY_IL,1
61725,MCLEAN_COUNTY_IL,0.6922
61725,WOODFORD_COUNTY_IL,0.3078
61726,LIVINGSTON_COUNTY_IL,0.0855
61726,MCLEAN_COUNTY_IL,0.9145
61727,DE_WITT_COUNTY_IL,1
61728,LIVINGSTON_COUNTY_IL,0.0013
61728,MCLEAN_COUNTY_IL,0.9987
61729,MCLEAN_COUNTY_IL,0.0125
61729,WOODFORD_COUNTY_IL,0.9875
61730,MCLEAN_COUNTY_IL,1
61731,FORD_COUNTY_IL,0.0423
61731,LIVINGSTON_COUNTY_IL,0.2275
61731,MCLEAN_COUNTY_IL,0.7302
61732,MCLEAN_COUNTY_IL,0.9558
61732,TAZEWELL_COUNTY_IL,0.039
61732,WOODFORD_COUNTY_IL,0.0052
61733,TAZEWELL_COUNTY_IL,0.783
61733,WOODFORD_COUNTY_IL,0.217
61734,TAZEWELL_COUNTY_IL,1
61735,DE_WITT_COUNTY_IL,1
61736,MCLEAN_COUNTY_IL,1
61737,MCLEAN_COUNTY_IL,1
61738,MCLEAN_COUNTY_IL,0.0068
61738,WOODFORD_COUNTY_IL,0.9932
61739,LIVINGSTON_COUNTY_IL,0.9989
61739,MCLEAN_COUNTY_IL,0.0011
61740,LIVINGSTON_COUNTY_IL,0.9987
61740,WOODFORD_COUNTY_IL,0.0013
61741,LIVINGSTON_COUNTY_IL,1
61742,TAZEWELL_COUNTY_IL,0.1612
61742,WOODFORD_COUNTY_IL,0.8388
61743,LIVINGSTON_COUNTY_IL,1
61744,LIVINGSTON_COUNTY_IL,0.0688
61744,MCLEAN_COUNTY_IL,0.9222
61744,WOODFORD_COUNTY_IL,0.009
61745,DE_WITT_COUNTY_IL,0.0271
61745,MCLEAN_COUNTY_IL,0.9729
61747,TAZEWELL_COUNTY_IL,1
61748,MCLEAN_COUNTY_IL,0.9896
61748,WOODFORD_COUNTY_IL,0.0104
61749,DE_WITT_COUNTY_IL,0.9262
61749,LOGAN_COUNTY_IL,0.0369
61749,MACON_COUNTY_IL,0.0369
61750,DE_WITT_COUNTY_IL,1
61751,LOGAN_COUNTY_IL,1
61752,DE_WITT_COUNTY_IL,0.0048
61752,MCLEAN_COUNTY_IL,0.9952
61753,MCLEAN_COUNTY_IL,1
61754,DE_WITT_COUNTY_IL,0.0383
61754,LOGAN_COUNTY_IL,0.03
61754,MCLEAN_COUNTY_IL,0.9317
61755,MCLEAN_COUNTY_IL,0.0011
61755,TAZEWELL_COUNTY_IL,0.9989
61756,DE_WITT_COUNTY_IL,0.0875
61756,MACON_COUNTY_IL,0.9125
61759,MCLEAN_COUNTY_IL,0.0088
61759,TAZEWELL_COUNTY_IL,0.9912
61760,LIVINGSTON_COUNTY_IL,0.0008
61760,MARSHALL_COUNTY_IL,0.048
61760,WOODFORD_COUNTY_IL,0.9512
61761,MCLEAN_COUNTY_IL,1
61764,LIVINGSTON_COUNTY_IL,1
61769,LIVINGSTON_COUNTY_IL,1
61770,MCLEAN_COUNTY_IL,1
61771,WOODFORD_COUNTY_IL,1
61772,MCLEAN_COUNTY_IL,1
61773,FORD_COUNTY_IL,1
61774,MCLEAN_COUNTY_IL,0.9968
61774,TAZEWELL_COUNTY_IL,0.0032
61775,FORD_COUNTY_IL,0.0226
61775,LIVINGSTON_COUNTY_IL,0.9774
61776,MCLEAN_COUNTY_IL,1
61777,DE_WITT_COUNTY_IL,1
61778,DE_WITT_COUNTY_IL,1
61801,CHAMPAIGN_COUNTY_IL,1
61802,CHAMPAIGN_COUNTY_IL,1
61803,CHAMPAIGN_COUNTY_IL,1
61810,CHAMPAIGN_COUNTY_IL,0.0625
61810,DOUGLAS_COUNTY_IL,0.025
61810,EDGAR_COUNTY_IL,0.025
61810,VERMILION_COUNTY_IL,0.8875
61811,VERMILION_COUNTY_IL,1
61812,VERMILION_COUNTY_IL,1
61813,PIATT_COUNTY_IL,1
61814,VERMILION_COUNTY_IL,1
61815,CHAMPAIGN_COUNTY_IL,1
61816,CHAMPAIGN_COUNTY_IL,0.991
61816,VERMILION_COUNTY_IL,0.009
61817,VERMILION_COUNTY_IL,1
61818,MACON_COUNTY_IL,0.0573
61818,PIATT_COUNTY_IL,0.9427
61820,CHAMPAIGN_COUNTY_IL,1
61821,CHAMPAIGN_COUNTY_IL,1
61822,CHAMPAIGN_COUNTY_IL,1
61824,CHAMPAIGN_COUNTY_IL,1
61825,CHAMPAIGN_COUNTY_IL,1
61826,CHAMPAIGN_COUNTY_IL,1
61830,MACON_COUNTY_IL,0.1453
61830,PIATT_COUNTY_IL,0.8547
61831,VERMILION_COUNTY_IL,1
61832,VERMILION_COUNTY_IL,1
61833,VERMILION_COUNTY_IL,1
61834,VERMILION_COUNTY_IL,1
61839,DE_WITT_COUNTY_IL,0.0063
61839,PIATT_COUNTY_IL,0.9937
61840,CHAMPAIGN_COUNTY_IL,0.9968
61840,FORD_COUNTY_IL,0.0032
61841,VERMILION_COUNTY_IL,1
61842,DE_WITT_COUNTY_IL,0.9364
61842,MCLEAN_COUNTY_IL,0.0311
61842,PIATT_COUNTY_IL,0.0325
61843,CHAMPAIGN_COUNTY_IL,0.9897
61843,MCLEAN_COUNTY_IL,0.0103
61844,CHAMPAIGN_COUNTY_IL,0.002
61844,VERMILION_COUNTY_IL,0.998
61845,CHAMPAIGN_COUNTY_IL,0.8865
61845,FORD_COUNTY_IL,0.0973
61845,MCLEAN_COUNTY_IL,0.0162
61846,VERMILION_COUNTY_IL,1
61847,CHAMPAIGN_COUNTY_IL,1
61848,VERMILION_COUNTY_IL,1
61849,CHAMPAIGN_COUNTY_IL,0.9176
61849,VERMILION_COUNTY_IL,0.0824
61850,EDGAR_COUNTY_IL,0.004
61850,VERMILION_COUNTY_IL,0.996
61851,CHAMPAIGN_COUNTY_IL,0.9329
61851,DOUGLAS_COUNTY_IL,0.0061
61851,PIATT_COUNTY_IL,0.061
61852,CHAMPAIGN_COUNTY_IL,0.9386
61852,DOUGLAS_COUNTY_IL,0.0614
61853,CHAMPAIGN_COUNTY_IL,0.9979
61853,PIATT_COUNTY_IL,0.0021
61854,MCLEAN_COUNTY_IL,0.0044
61854,PIATT_COUNTY_IL,0.9956
61855,PIATT_COUNTY_IL,1
61856,CHAMPAIGN_COUNTY_IL,0.0005
61856,PIATT_COUNTY_IL,0.9995
61857,VERMILION_COUNTY_IL,1
61858,VERMILION_COUNTY_IL,1
61859,CHAMPAIGN_COUNTY_IL,0.9812
61859,VERMILION_COUNTY_IL,0.0188
61862,CHAMPAIGN_COUNTY_IL,0.9095
61862,VERMILION_COUNTY_IL,0.0905
61863,CHAMPAIGN_COUNTY_IL,0.9894
61863,DOUGLAS_COUNTY_IL,0.0106
61864,CHAMPAIGN_COUNTY_IL,1
61865,VERMILION_COUNTY_IL,1
61866,CHAMPAIGN_COUNTY_IL,1
61870,EDGAR_COUNTY_IL,0.0219
61870,VERMILION_COUNTY_IL,0.9781
61871,CHAMPAIGN_COUNTY_IL,1
61872,CHAMPAIGN_COUNTY_IL,0.9674
61872,DOUGLAS_COUNTY_IL,0.0326
61873,CHAMPAIGN_COUNTY_IL,1
61874,CHAMPAIGN_COUNTY_IL,1
61875,CHAMPAIGN_COUNTY_IL,0.9795
61875,PIATT_COUNTY_IL,0.0205
61876,EDGAR_COUNTY_IL,0.0698
61876,VERMILION_COUNTY_IL,0.9302
61877,CHAMPAIGN_COUNTY_IL,1
61878,CHAMPAIGN_COUNTY_IL,1
61880,CHAMPAIGN_COUNTY_IL,1
61882,DE_WITT_COUNTY_IL,0.969
61882,MACON_COUNTY_IL,0.0279
61882,PIATT_COUNTY_IL,0.0031
61883,VERMILION_COUNTY_IL,1
61884,CHAMPAIGN_COUNTY_IL,0.0237
61884,PIATT_COUNTY_IL,0.9763
61910,COLES_COUNTY_IL,0.0483
61910,DOUGLAS_COUNTY_IL,0.9517
61911,COLES_COUNTY_IL,0.0162
61911,DOUGLAS_COUNTY_IL,0.626
61911,MOULTRIE_COUNTY_IL,0.3578
61912,CLARK_COUNTY_IL,0.0016
61912,COLES_COUNTY_IL,0.9984
61913,DOUGLAS_COUNTY_IL,0.5661
61913,MOULTRIE_COUNTY_IL,0.0012
61913,PIATT_COUNTY_IL,0.4326
61914,MACON_COUNTY_IL,0.0035
61914,MOULTRIE_COUNTY_IL,0.9768
61914,SHELBY_COUNTY_IL,0.0197
61917,DOUGLAS_COUNTY_IL,0.0489
61917,EDGAR_COUNTY_IL,0.9511
61919,DOUGLAS_COUNTY_IL,1
61920,COLES_COUNTY_IL,0.9998
61920,CUMBERLAND_COUNTY_IL,0.0002
61924,EDGAR_COUNTY_IL,1
61925,MACON_COUNTY_IL,0.4066
61925,MOULTRIE_COUNTY_IL,0.5934
61928,COLES_COUNTY_IL,0.3723
61928,MOULTRIE_COUNTY_IL,0.5251
61928,SHELBY_COUNTY_IL,0.1026
61929,MOULTRIE_COUNTY_IL,0.0323
61929,PIATT_COUNTY_IL,0.9677
61930,COLES_COUNTY_IL,0.05
61930,DOUGLAS_COUNTY_IL,0.95
61931,COLES_COUNTY_IL,1
61932,EDGAR_COUNTY_IL,1
61933,CLARK_COUNTY_IL,0.0481
61933,COLES_COUNTY_IL,0.0103
61933,EDGAR_COUNTY_IL,0.9416
61936,PIATT_COUNTY_IL,1
61937,MACON_COUNTY_IL,0.0246
61937,MOULTRIE_COUNTY_IL,0.9679
61937,PIATT_COUNTY_IL,0.0075
61938,COLES_COUNTY_IL,0.9991
61938,CUMBERLAND_COUNTY_IL,0.0009
61940,EDGAR_COUNTY_IL,1
61941,DOUGLAS_COUNTY_IL,1
61942,DOUGLAS_COUNTY_IL,0.9799
61942,EDGAR_COUNTY_IL,0.0201
61943,COLES_COUNTY_IL,0.8764
61943,DOUGLAS_COUNTY_IL,0.0861
61943,EDGAR_COUNTY_IL,0.0375
61944,CLARK_COUNTY_IL,0.0012
61944,EDGAR_COUNTY_IL,0.9988
61949,EDGAR_COUNTY_IL,1
61951,COLES_COUNTY_IL,0.0045
61951,MOULTRIE_COUNTY_IL,0.9944
61951,SHELBY_COUNTY_IL,0.0011
61953,CHAMPAIGN_COUNTY_IL,0.0006
61953,DOUGLAS_COUNTY_IL,0.9994
61955,EDGAR_COUNTY_IL,1
61956,CHAMPAIGN_COUNTY_IL,0.0235
61956,DOUGLAS_COUNTY_IL,0.9765
61957,MOULTRIE_COUNTY_IL,0.0475
61957,SHELBY_COUNTY_IL,0.9525
62001,MADISON_COUNTY_IL,1
62002,MACOUPIN_COUNTY_IL,0.0073
62002,MADISON_COUNTY_IL,0.9927
62006,CALHOUN_COUNTY_IL,1
62009,MACOUPIN_COUNTY_IL,1
62010,MADISON_COUNTY_IL,1
62011,FAYETTE_COUNTY_IL,1
62012,JERSEY_COUNTY_IL,0.419
62012,MACOUPIN_COUNTY_IL,0.5279
62012,MADISON_COUNTY_IL,0.0531
62013,CALHOUN_COUNTY_IL,1
62014,MACOUPIN_COUNTY_IL,1
62015,MONTGOMERY_COUNTY_IL,1
62016,GREENE_COUNTY_IL,1
62017,BOND_COUNTY_IL,0.0094
62017,MONTGOMERY_COUNTY_IL,0.9906
62018,MADISON_COUNTY_IL,1
62019,BOND_COUNTY_IL,0.4202
62019,MONTGOMERY_COUNTY_IL,0.5798
62021,MACOUPIN_COUNTY_IL,0.0524
62021,MADISON_COUNTY_IL,0.9476
62022,JERSEY_COUNTY_IL,1
62024,MADISON_COUNTY_IL,1
62025,MADISON_COUNTY_IL,1
62027,GREENE_COUNTY_IL,1
62028,JERSEY_COUNTY_IL,1
62031,JERSEY_COUNTY_IL,1
62032,MONTGOMERY_COUNTY_IL,1
62033,MACOUPIN_COUNTY_IL,1
62034,MADISON_COUNTY_IL,1
62035,JERSEY_COUNTY_IL,0.0547
62035,MADISON_COUNTY_IL,0.9453
62036,CALHOUN_COUNTY_IL,1
62037,JERSEY_COUNTY_IL,1
62040,MADISON_COUNTY_IL,1
62044,GREENE_COUNTY_IL,0.9286
62044,MACOUPIN_COUNTY_IL,0.0714
62045,CALHOUN_COUNTY_IL,1
62046,MADISON_COUNTY_IL,1
62047,CALHOUN_COUNTY_IL,1
62048,MADISON_COUNTY_IL,1
62049,MONTGOMERY_COUNTY_IL,1
62050,GREENE_COUNTY_IL,1
62051,MONTGOMERY_COUNTY_IL,1
62052,JERSEY_COUNTY_IL,1
62053,CALHOUN_COUNTY_IL,1
62054,GREENE_COUNTY_IL,0.7717
62054,JERSEY_COUNTY_IL,0.2283
62056,MACOUPIN_COUNTY_IL,0.0326
62056,MONTGOMERY_COUNTY_IL,0.9674
62058,MADISON_COUNTY_IL,1
62059,ST_CLAIR_COUNTY_IL,1
62060,MADISON_COUNTY_IL,1
62061,MADISON_COUNTY_IL,1
62062,MADISON_COUNTY_IL,1
62063,GREENE_COUNTY_IL,0.0114
62063,JERSEY_COUNTY_IL,0.322
62063,MACOUPIN_COUNTY_IL,0.6667
62065,CALHOUN_COUNTY_IL,1
62067,MADISON_COUNTY_IL,1
62069,MACOUPIN_COUNTY_IL,0.997
62069,MONTGOMERY_COUNTY_IL,0.003
62070,CALHOUN_COUNTY_IL,1
62074,BOND_COUNTY_IL,0.1304
62074,MACOUPIN_COUNTY_IL,0.0957
62074,MADISON_COUNTY_IL,0.7543
62074,MONTGOMERY_COUNTY_IL,0.0196
62075,CHRISTIAN_COUNTY_IL,0.0368
62075,MONTGOMERY_COUNTY_IL,0.9632
62076,MONTGOMERY_COUNTY_IL,1
62077,BOND_COUNTY_IL,0.4025
62077,MONTGOMERY_COUNTY_IL,0.5975
62078,GREENE_COUNTY_IL,1
62079,JERSEY_COUNTY_IL,0.3487
62079,MACOUPIN_COUNTY_IL,0.6513
62080,FAYETTE_COUNTY_IL,0.9776
62080,MONTGOMERY_COUNTY_IL,0.0224
62081,GREENE_COUNTY_IL,1
62082,GREENE_COUNTY_IL,0.9322
62082,MACOUPIN_COUNTY_IL,0.0034
62082,MORGAN_COUNTY_IL,0.0163
62082,SCOTT_COUNTY_IL,0.0481
62083,CHRISTIAN_COUNTY_IL,0.8062
62083,MONTGOMERY_COUNTY_IL,0.1938
62084,MADISON_COUNTY_IL,1
62085,MACOUPIN_COUNTY_IL,1
62086,BOND_COUNTY_IL,0.9171
62086,MADISON_COUNTY_IL,0.0084
62086,MONTGOMERY_COUNTY_IL,0.0744
62087,MADISON_COUNTY_IL,1
62088,MACOUPIN_COUNTY_IL,0.8914
62088,MADISON_COUNTY_IL,0.1086
62089,MONTGOMERY_COUNTY_IL,1
62090,MADISON_COUNTY_IL,1
62091,MACOUPIN_COUNTY_IL,0.0053
62091,MONTGOMERY_COUNTY_IL,0.9947
62092,GREENE_COUNTY_IL,1
62093,MACOUPIN_COUNTY_IL,1
62094,MONTGOMERY_COUNTY_IL,1
62095,MADISON_COUNTY_IL,1
62097,MADISON_COUNTY_IL,1
62098,GREENE_COUNTY_IL,1
62201,MADISON_COUNTY_IL,0.0179
62201,ST_CLAIR_COUNTY_IL,0.9821
62202,ST_CLAIR_COUNTY_IL,1
62203,ST_CLAIR_COUNTY_IL,1
62204,ST_CLAIR_COUNTY_IL,1
62205,ST_CLAIR_COUNTY_IL,1
62206,ST_CLAIR_COUNTY_IL,1
62207,ST_CLAIR_COUNTY_IL,1
62208,ST_CLAIR_COUNTY_IL,1
62214,WASHINGTON_COUNTY_IL,1
62215,CLINTON_COUNTY_IL,1
62216,CLINTON_COUNTY_IL,0.9911
62216,MADISON_COUNTY_IL,0.0089
62217,RANDOLPH_COUNTY_IL,1
62218,CLINTON_COUNTY_IL,1
62219,CLINTON_COUNTY_IL,1
62220,ST_CLAIR_COUNTY_IL,1
62221,ST_CLAIR_COUNTY_IL,1
62222,ST_CLAIR_COUNTY_IL,1
62223,ST_CLAIR_COUNTY_IL,1
62225,ST_CLAIR_COUNTY_IL,1
62226,ST_CLAIR_COUNTY_IL,1
62230,CLINTON_COUNTY_IL,1
62231,BOND_COUNTY_IL,0.0021
62231,CLINTON_COUNTY_IL,0.9979
62232,ST_CLAIR_COUNTY_IL,1
62233,RANDOLPH_COUNTY_IL,1
62234,MADISON_COUNTY_IL,0.8795
62234,ST_CLAIR_COUNTY_IL,0.1205
62236,MONROE_COUNTY_IL,0.9446
62236,ST_CLAIR_COUNTY_IL,0.0554
62237,PERRY_COUNTY_IL,0.3008
62237,RANDOLPH_COUNTY_IL,0.5351
62237,WASHINGTON_COUNTY_IL,0.164
62238,PERRY_COUNTY_IL,0.9856
62238,RANDOLPH_COUNTY_IL,0.0144
62239,ST_CLAIR_COUNTY_IL,1
62240,MONROE_COUNTY_IL,0.0023
62240,ST_CLAIR_COUNTY_IL,0.9977
62241,RANDOLPH_COUNTY_IL,1
62242,RANDOLPH_COUNTY_IL,1
62243,ST_CLAIR_COUNTY_IL,1
62244,MONROE_COUNTY_IL,1
62245,CLINTON_COUNTY_IL,1
62246,BOND_COUNTY_IL,0.9995
62246,CLINTON_COUNTY_IL,0.0005
62248,MONROE_COUNTY_IL,1
62249,BOND_COUNTY_IL,0.0017
62249,CLINTON_COUNTY_IL,0.0109
62249,MADISON_COUNTY_IL,0.9874
62250,CLINTON_COUNTY_IL,1
62253,BOND_COUNTY_IL,0.6156
62253,CLINTON_COUNTY_IL,0.3844
62254,MADISON_COUNTY_IL,0.0017
62254,ST_CLAIR_COUNTY_IL,0.9983
62255,ST_CLAIR_COUNTY_IL,0.9741
62255,WASHINGTON_COUNTY_IL,0.0259
62257,RANDOLPH_COUNTY_IL,0.0092
62257,ST_CLAIR_COUNTY_IL,0.8656
62257,WASHINGTON_COUNTY_IL,0.1252
62258,CLINTON_COUNTY_IL,0.0012
62258,ST_CLAIR_COUNTY_IL,0.9988
62260,ST_CLAIR_COUNTY_IL,1
62261,RANDOLPH_COUNTY_IL,1
62262,BOND_COUNTY_IL,0.8795
62262,FAYETTE_COUNTY_IL,0.1121
62262,MONTGOMERY_COUNTY_IL,0.0083
62263,PERRY_COUNTY_IL,0.0133
62263,WASHINGTON_COUNTY_IL,0.9867
62264,MONROE_COUNTY_IL,0.0309
62264,ST_CLAIR_COUNTY_IL,0.9691
62265,CLINTON_COUNTY_IL,0.9327
62265,ST_CLAIR_COUNTY_IL,0.0673
62266,CLINTON_COUNTY_IL,1
62268,PERRY_COUNTY_IL,0.0634
62268,WASHINGTON_COUNTY_IL,0.9366
62269,MADISON_COUNTY_IL,0.0012
62269,ST_CLAIR_COUNTY_IL,0.9988
62271,WASHINGTON_COUNTY_IL,1
62272,JACKSON_COUNTY_IL,0.0038
62272,PERRY_COUNTY_IL,0.1862
62272,RANDOLPH_COUNTY_IL,0.8099
62273,BOND_COUNTY_IL,1
62274,JACKSON_COUNTY_IL,0.0003
62274,PERRY_COUNTY_IL,0.9997
62275,BOND_COUNTY_IL,0.7827
62275,CLINTON_COUNTY_IL,0.0487
62275,MADISON_COUNTY_IL,0.1686
62277,MONROE_COUNTY_IL,0.2492
62277,RANDOLPH_COUNTY_IL,0.7508
62278,MONROE_COUNTY_IL,0.197
62278,RANDOLPH_COUNTY_IL,0.803
62279,MONROE_COUNTY_IL,1
62280,JACKSON_COUNTY_IL,0.4112
62280,RANDOLPH_COUNTY_IL,0.5888
62281,MADISON_COUNTY_IL,1
62282,ST_CLAIR_COUNTY_IL,1
62284,BOND_COUNTY_IL,1
62285,ST_CLAIR_COUNTY_IL,1
62286,PERRY_COUNTY_IL,0.0022
62286,RANDOLPH_COUNTY_IL,0.9978
62288,RANDOLPH_COUNTY_IL,1
62289,ST_CLAIR_COUNTY_IL,1
62292,RANDOLPH_COUNTY_IL,1
62293,CLINTON_COUNTY_IL,0.8494
62293,MADISON_COUNTY_IL,0.0748
62293,ST_CLAIR_COUNTY_IL,0.0758
62294,MADISON_COUNTY_IL,0.9946
62294,ST_CLAIR_COUNTY_IL,0.0054
62295,MONROE_COUNTY_IL,1
62297,RANDOLPH_COUNTY_IL,1
62298,MONROE_COUNTY_IL,0.9609
62298,ST_CLAIR_COUNTY_IL,0.0391
62301,ADAMS_COUNTY_IL,1
62305,ADAMS_COUNTY_IL,1
62306,ADAMS_COUNTY_IL,1
62311,ADAMS_COUNTY_IL,0.0261
62311,HANCOCK_COUNTY_IL,0.9022
62311,SCHUYLER_COUNTY_IL,0.0717
62312,ADAMS_COUNTY_IL,0.0837
62312,PIKE_COUNTY_IL,0.9163
62313,HANCOCK_COUNTY_IL,1
62314,ADAMS_COUNTY_IL,0.122
62314,BROWN_COUNTY_IL,0.0034
62314,PIKE_COUNTY_IL,0.8746
62316,ADAMS_COUNTY_IL,0.0215
62316,HANCOCK_COUNTY_IL,0.9785
62319,SCHUYLER_COUNTY_IL,1
62320,ADAMS_COUNTY_IL,1
62321,HANCOCK_COUNTY_IL,1
62323,BROWN_COUNTY_IL,0.0465
62323,PIKE_COUNTY_IL,0.9535
62324,ADAMS_COUNTY_IL,1
62325,ADAMS_COUNTY_IL,1
62326,HANCOCK_COUNTY_IL,0.0177
62326,MCDONOUGH_COUNTY_IL,0.9823
62330,HANCOCK_COUNTY_IL,0.8916
62330,HENDERSON_COUNTY_IL,0.1084
62334,HANCOCK_COUNTY_IL,1
62338,ADAMS_COUNTY_IL,1
62339,ADAMS_COUNTY_IL,1
62340,PIKE_COUNTY_IL,1
62341,HANCOCK_COUNTY_IL,1
62343,ADAMS_COUNTY_IL,0.0682
62343,PIKE_COUNTY_IL,0.9318
62344,SCHUYLER_COUNTY_IL,1
62345,PIKE_COUNTY_IL,1
62346,ADAMS_COUNTY_IL,0.9
62346,HANCOCK_COUNTY_IL,0.0273
62346,SCHUYLER_COUNTY_IL,0.0727
62347,ADAMS_COUNTY_IL,1
62349,ADAMS_COUNTY_IL,0.9907
62349,HANCOCK_COUNTY_IL,0.0093
62351,ADAMS_COUNTY_IL,0.9345
62351,HANCOCK_COUNTY_IL,0.0655
62352,PIKE_COUNTY_IL,1
62353,BROWN_COUNTY_IL,1
62354,HANCOCK_COUNTY_IL,1
62355,CALHOUN_COUNTY_IL,0.2465
62355,PIKE_COUNTY_IL,0.7535
62356,PIKE_COUNTY_IL,1
62357,PIKE_COUNTY_IL,1
62358,HANCOCK_COUNTY_IL,1
62359,ADAMS_COUNTY_IL,1
62360,ADAMS_COUNTY_IL,1
62361,PIKE_COUNTY_IL,1
62362,PIKE_COUNTY_IL,1
62363,PIKE_COUNTY_IL,0.9993
62363,SCOTT_COUNTY_IL,0.0007
62365,ADAMS_COUNTY_IL,1
62366,CALHOUN_COUNTY_IL,0.0026
62366,PIKE_COUNTY_IL,0.9974
62367,HANCOCK_COUNTY_IL,0.5546
62367,MCDONOUGH_COUNTY_IL,0.2994
62367,SCHUYLER_COUNTY_IL,0.146
62370,PIKE_COUNTY_IL,1
62373,ADAMS_COUNTY_IL,0.0494
62373,HANCOCK_COUNTY_IL,0.9506
62374,HANCOCK_COUNTY_IL,0.2989
62374,MCDONOUGH_COUNTY_IL,0.7011
62375,BROWN_COUNTY_IL,1
62376,ADAMS_COUNTY_IL,1
62378,BROWN_COUNTY_IL,1
62379,ADAMS_COUNTY_IL,0.0335
62379,HANCOCK_COUNTY_IL,0.9665
62380,HANCOCK_COUNTY_IL,1
62401,EFFINGHAM_COUNTY_IL,0.9993
62401,SHELBY_COUNTY_IL,0.0007
62410,LAWRENCE_COUNTY_IL,0.0022
62410,WABASH_COUNTY_IL,0.9978
62411,EFFINGHAM_COUNTY_IL,0.9845
62411,FAYETTE_COUNTY_IL,0.0155
62413,CLARK_COUNTY_IL,0.0783
62413,CRAWFORD_COUNTY_IL,0.9217
62414,EFFINGHAM_COUNTY_IL,0.5414
62414,FAYETTE_COUNTY_IL,0.3228
62414,SHELBY_COUNTY_IL,0.1359
62417,LAWRENCE_COUNTY_IL,1
62418,FAYETTE_COUNTY_IL,1
62419,RICHLAND_COUNTY_IL,1
62420,CLARK_COUNTY_IL,0.8895
62420,COLES_COUNTY_IL,0.0138
62420,CUMBERLAND_COUNTY_IL,0.0946
62420,JASPER_COUNTY_IL,0.0021
62421,CRAWFORD_COUNTY_IL,0.0266
62421,LAWRENCE_COUNTY_IL,0.0024
62421,RICHLAND_COUNTY_IL,0.971
62422,FAYETTE_COUNTY_IL,0.0217
62422,SHELBY_COUNTY_IL,0.9783
62423,CLARK_COUNTY_IL,0.8759
62423,EDGAR_COUNTY_IL,0.1241
62424,CLAY_COUNTY_IL,0.0019
62424,EFFINGHAM_COUNTY_IL,0.968
62424,JASPER_COUNTY_IL,0.0301
62425,JASPER_COUNTY_IL,0.0732
62425,RICHLAND_COUNTY_IL,0.9268
62426,CLAY_COUNTY_IL,0.3046
62426,EFFINGHAM_COUNTY_IL,0.6004
62426,FAYETTE_COUNTY_IL,0.0951
62427,CRAWFORD_COUNTY_IL,0.9479
62427,LAWRENCE_COUNTY_IL,0.0521
62428,CUMBERLAND_COUNTY_IL,0.9981
62428,JASPER_COUNTY_IL,0.0019
62431,FAYETTE_COUNTY_IL,0.175
62431,SHELBY_COUNTY_IL,0.825
62432,CUMBERLAND_COUNTY_IL,0.0143
62432,JASPER_COUNTY_IL,0.9857
62433,CRAWFORD_COUNTY_IL,1
62434,CLAY_COUNTY_IL,0.6592
62434,JASPER_COUNTY_IL,0.3408
62436,CUMBERLAND_COUNTY_IL,0.6367
62436,JASPER_COUNTY_IL,0.3633
62438,SHELBY_COUNTY_IL,1
62439,LAWRENCE_COUNTY_IL,1
62440,COLES_COUNTY_IL,0.7664
62440,CUMBERLAND_COUNTY_IL,0.2336
62441,CLARK_COUNTY_IL,0.9791
62441,EDGAR_COUNTY_IL,0.0209
62442,CLARK_COUNTY_IL,0.9893
62442,CRAWFORD_COUNTY_IL,0.0107
62443,CLAY_COUNTY_IL,0.1024
62443,EFFINGHAM_COUNTY_IL,0.8976
62444,SHELBY_COUNTY_IL,1
62445,CUMBERLAND_COUNTY_IL,0.4532
62445,EFFINGHAM_COUNTY_IL,0.2937
62445,JASPER_COUNTY_IL,0.2532
62446,WAYNE_COUNTY_IL,1
62447,COLES_COUNTY_IL,0.0019
62447,CUMBERLAND_COUNTY_IL,0.7813
62447,SHELBY_COUNTY_IL,0.2169
62448,CLAY_COUNTY_IL,0.009
62448,JASPER_COUNTY_IL,0.9782
62448,RICHLAND_COUNTY_IL,0.0127
62449,CLARK_COUNTY_IL,0.0045
62449,CRAWFORD_COUNTY_IL,0.9458
62449,JASPER_COUNTY_IL,0.0497
62450,RICHLAND_COUNTY_IL,1
62451,CRAWFORD_COUNTY_IL,1
62452,RICHLAND_COUNTY_IL,1
62454,CRAWFORD_COUNTY_IL,1
62458,EFFINGHAM_COUNTY_IL,0.0325
62458,FAYETTE_COUNTY_IL,0.9675
62459,JASPER_COUNTY_IL,1
62460,LAWRENCE_COUNTY_IL,0.9842
62460,WABASH_COUNTY_IL,0.0158
62461,EFFINGHAM_COUNTY_IL,0.8845
62461,SHELBY_COUNTY_IL,0.1155
62462,CUMBERLAND_COUNTY_IL,0.3721
62462,EFFINGHAM_COUNTY_IL,0.0146
62462,SHELBY_COUNTY_IL,0.6133
62463,SHELBY_COUNTY_IL,1
62464,CRAWFORD_COUNTY_IL,1
62465,SHELBY_COUNTY_IL,1
62466,CRAWFORD_COUNTY_IL,0.0287
62466,LAWRENCE_COUNTY_IL,0.9582
62466,RICHLAND_COUNTY_IL,0.0131
62467,CUMBERLAND_COUNTY_IL,0.0485
62467,EFFINGHAM_COUNTY_IL,0.9351
62467,JASPER_COUNTY_IL,0.0164
62468,CUMBERLAND_COUNTY_IL,1
62469,COLES_COUNTY_IL,0.4235
62469,CUMBERLAND_COUNTY_IL,0.5765
62471,BOND_COUNTY_IL,0.0016
62471,FAYETTE_COUNTY_IL,0.9984
62473,EFFINGHAM_COUNTY_IL,1
62474,CLARK_COUNTY_IL,0.8369
62474,COLES_COUNTY_IL,0.1631
62475,JASPER_COUNTY_IL,1
62476,EDWARDS_COUNTY_IL,0.8853
62476,RICHLAND_COUNTY_IL,0.0033
62476,WABASH_COUNTY_IL,0.1114
62477,CLARK_COUNTY_IL,1
62478,CLARK_COUNTY_IL,0.5917
62478,CRAWFORD_COUNTY_IL,0.4083
62479,EFFINGHAM_COUNTY_IL,0.0396
62479,JASPER_COUNTY_IL,0.9604
62480,JASPER_COUNTY_IL,1
62481,CLARK_COUNTY_IL,0.0052
62481,JASPER_COUNTY_IL,0.9948
62501,DE_WITT_COUNTY_IL,0.0008
62501,MACON_COUNTY_IL,0.9992
62510,CHRISTIAN_COUNTY_IL,0.8796
62510,SHELBY_COUNTY_IL,0.1204
62512,DE_WITT_COUNTY_IL,0.04
62512,LOGAN_COUNTY_IL,0.96
62513,CHRISTIAN_COUNTY_IL,0.1297
62513,MACON_COUNTY_IL,0.8703
62514,MACON_COUNTY_IL,1
62515,SANGAMON_COUNTY_IL,1
62517,CHRISTIAN_COUNTY_IL,1
62518,LOGAN_COUNTY_IL,1
62519,LOGAN_COUNTY_IL,1
62520,SANGAMON_COUNTY_IL,1
62521,MACON_COUNTY_IL,1
62522,MACON_COUNTY_IL,1
62523,MACON_COUNTY_IL,1
62524,MACON_COUNTY_IL,1
62525,MACON_COUNTY_IL,1
62526,MACON_COUNTY_IL,1
62530,SANGAMON_COUNTY_IL,1
62531,CHRISTIAN_COUNTY_IL,1
62533,MONTGOMERY_COUNTY_IL,1
62534,MOULTRIE_COUNTY_IL,0.0017
62534,SHELBY_COUNTY_IL,0.9983
62535,MACON_COUNTY_IL,1
62536,SANGAMON_COUNTY_IL,1
62537,MACON_COUNTY_IL,1
62538,CHRISTIAN_COUNTY_IL,0.2882
62538,MONTGOMERY_COUNTY_IL,0.7118
62539,MACON_COUNTY_IL,0.0469
62539,SANGAMON_COUNTY_IL,0.9531
62540,CHRISTIAN_COUNTY_IL,1
62541,LOGAN_COUNTY_IL,1
62543,LOGAN_COUNTY_IL,0.8762
62543,MACON_COUNTY_IL,0.1238
62544,MACON_COUNTY_IL,0.9988
62544,SHELBY_COUNTY_IL,0.0012
62545,CHRISTIAN_COUNTY_IL,0.2463
62545,SANGAMON_COUNTY_IL,0.7537
62546,CHRISTIAN_COUNTY_IL,0.9625
62546,MONTGOMERY_COUNTY_IL,0.0375
62547,CHRISTIAN_COUNTY_IL,0.9688
62547,MACON_COUNTY_IL,0.0312
62548,LOGAN_COUNTY_IL,0.9982
62548,SANGAMON_COUNTY_IL,0.0018
62549,MACON_COUNTY_IL,1
62550,CHRISTIAN_COUNTY_IL,0.1367
62550,MACON_COUNTY_IL,0.0243
62550,SHELBY_COUNTY_IL,0.839
62551,MACON_COUNTY_IL,1
62553,MONTGOMERY_COUNTY_IL,0.1303
62553,SHELBY_COUNTY_IL,0.8697
62554,MACON_COUNTY_IL,1
62555,CHRISTIAN_COUNTY_IL,1
62556,CHRISTIAN_COUNTY_IL,1
62557,CHRISTIAN_COUNTY_IL,0.8729
62557,MONTGOMERY_COUNTY_IL,0.0063
62557,SHELBY_COUNTY_IL,0.1208
62558,CHRISTIAN_COUNTY_IL,0.0451
62558,MONTGOMERY_COUNTY_IL,0.0082
62558,SANGAMON_COUNTY_IL,0.9467
62560,CHRISTIAN_COUNTY_IL,0.004
62560,MACOUPIN_COUNTY_IL,0.0336
62560,MONTGOMERY_COUNTY_IL,0.9623
62561,SANGAMON_COUNTY_IL,1
62563,CHRISTIAN_COUNTY_IL,0.0128
62563,SANGAMON_COUNTY_IL,0.9872
62565,SHELBY_COUNTY_IL,1
62567,CHRISTIAN_COUNTY_IL,1
62568,CHRISTIAN_COUNTY_IL,1
62570,CHRISTIAN_COUNTY_IL,1
62571,SHELBY_COUNTY_IL,1
62572,MACOUPIN_COUNTY_IL,0.4286
62572,MONTGOMERY_COUNTY_IL,0.5714
62573,MACON_COUNTY_IL,1
62601,MORGAN_COUNTY_IL,1
62611,CASS_COUNTY_IL,0.8445
62611,MORGAN_COUNTY_IL,0.1555
62612,CASS_COUNTY_IL,0.8145
62612,MENARD_COUNTY_IL,0.0011
62612,MORGAN_COUNTY_IL,0.1834
62612,SANGAMON_COUNTY_IL,0.0011
62613,LOGAN_COUNTY_IL,0.0062
62613,MENARD_COUNTY_IL,0.9853
62613,SANGAMON_COUNTY_IL,0.0085
62615,SANGAMON_COUNTY_IL,1
62617,MASON_COUNTY_IL,1
62618,CASS_COUNTY_IL,0.9982
62618,SCHUYLER_COUNTY_IL,0.0018
62621,MORGAN_COUNTY_IL,0.0293
62621,SCOTT_COUNTY_IL,0.9707
62624,SCHUYLER_COUNTY_IL,1
62625,MENARD_COUNTY_IL,0.0094
62625,SANGAMON_COUNTY_IL,0.9906
62626,MACOUPIN_COUNTY_IL,1
62627,CASS_COUNTY_IL,0.7565
62627,MASON_COUNTY_IL,0.2435
62628,MORGAN_COUNTY_IL,0.9603
62628,SCOTT_COUNTY_IL,0.0397
62629,SANGAMON_COUNTY_IL,1
62630,MACOUPIN_COUNTY_IL,1
62631,MORGAN_COUNTY_IL,1
62633,MASON_COUNTY_IL,1
62634,LOGAN_COUNTY_IL,1
62635,LOGAN_COUNTY_IL,0.9784
62635,TAZEWELL_COUNTY_IL,0.0216
62638,MACOUPIN_COUNTY_IL,0.0148
62638,MORGAN_COUNTY_IL,0.9852
62639,SCHUYLER_COUNTY_IL,1
62640,MACOUPIN_COUNTY_IL,0.9952
62640,MONTGOMERY_COUNTY_IL,0.0048
62642,MENARD_COUNTY_IL,1
62643,LOGAN_COUNTY_IL,1
62644,FULTON_COUNTY_IL,0.031
62644,MASON_COUNTY_IL,0.969
62649,GREENE_COUNTY_IL,0.0037
62649,MACOUPIN_COUNTY_IL,0.9963
62650,MORGAN_COUNTY_IL,0.9966
62650,SCOTT_COUNTY_IL,0.0034
62651,MORGAN_COUNTY_IL,1
62655,MASON_COUNTY_IL,1
62656,LOGAN_COUNTY_IL,1
62661,SANGAMON_COUNTY_IL,1
62664,MASON_COUNTY_IL,1
62665,CASS_COUNTY_IL,0.0026
62665,MORGAN_COUNTY_IL,0.8581
62665,SCOTT_COUNTY_IL,0.1394
62666,LOGAN_COUNTY_IL,0.9421
62666,MENARD_COUNTY_IL,0.0579
62667,MACOUPIN_COUNTY_IL,0.9669
62667,MORGAN_COUNTY_IL,0.0331
62668,MACOUPIN_COUNTY_IL,0.0029
62668,MORGAN_COUNTY_IL,0.9249
62668,SCOTT_COUNTY_IL,0.0723
62670,MORGAN_COUNTY_IL,0.0139
62670,SANGAMON_COUNTY_IL,0.9861
62671,LOGAN_COUNTY_IL,0.9674
62671,MASON_COUNTY_IL,0.0326
62672,MACOUPIN_COUNTY_IL,1
62673,CASS_COUNTY_IL,0.1963
62673,MENARD_COUNTY_IL,0.8037
62674,MACOUPIN_COUNTY_IL,1
62675,CASS_COUNTY_IL,0.0022
62675,MENARD_COUNTY_IL,0.9978
62677,CASS_COUNTY_IL,0.0008
62677,MORGAN_COUNTY_IL,0.0033
62677,SANGAMON_COUNTY_IL,0.9959
62681,SCHUYLER_COUNTY_IL,1
62682,LOGAN_COUNTY_IL,0.3976
62682,MASON_COUNTY_IL,0.5711
62682,TAZEWELL_COUNTY_IL,0.0313
62684,SANGAMON_COUNTY_IL,1
62685,MACOUPIN_COUNTY_IL,1
62688,MENARD_COUNTY_IL,1
62689,SANGAMON_COUNTY_IL,1
62690,MACOUPIN_COUNTY_IL,0.9115
62690,MONTGOMERY_COUNTY_IL,0.0124
62690,SANGAMON_COUNTY_IL,0.0762
62691,CASS_COUNTY_IL,1
62692,MACOUPIN_COUNTY_IL,0.001
62692,MORGAN_COUNTY_IL,0.898
62692,SANGAMON_COUNTY_IL,0.101
62693,LOGAN_COUNTY_IL,0.0306
62693,MENARD_COUNTY_IL,0.0024
62693,SANGAMON_COUNTY_IL,0.967
62694,GREENE_COUNTY_IL,0.0037
62694,MORGAN_COUNTY_IL,0.0251
62694,SCOTT_COUNTY_IL,0.9712
62695,MORGAN_COUNTY_IL,1
62701,SANGAMON_COUNTY_IL,1
62702,SANGAMON_COUNTY_IL,1
62703,SANGAMON_COUNTY_IL,1
62704,SANGAMON_COUNTY_IL,1
62705,SANGAMON_COUNTY_IL,1
62707,SANGAMON_COUNTY_IL,1
62708,SANGAMON_COUNTY_IL,1
62711,SANGAMON_COUNTY_IL,1
62712,SANGAMON_COUNTY_IL,1
62791,SANGAMON_COUNTY_IL,1
62801,CLINTON_COUNTY_IL,0.1627
62801,JEFFERSON_COUNTY_IL,0.0186
62801,MARION_COUNTY_IL,0.799
62801,WASHINGTON_COUNTY_IL,0.0197
62803,WASHINGTON_COUNTY_IL,1
62806,EDWARDS_COUNTY_IL,1
62807,MARION_COUNTY_IL,1
62808,JEFFERSON_COUNTY_IL,0.2112
62808,WASHINGTON_COUNTY_IL,0.7888
62809,WAYNE_COUNTY_IL,1
62810,FRANKLIN_COUNTY_IL,0.0057
62810,HAMILTON_COUNTY_IL,0.0492
62810,JEFFERSON_COUNTY_IL,0.9356
62810,WAYNE_COUNTY_IL,0.0095
62811,WABASH_COUNTY_IL,1
62812,FRANKLIN_COUNTY_IL,1
62814,JEFFERSON_COUNTY_IL,0.8886
62814,WAYNE_COUNTY_IL,0.1114
62815,EDWARDS_COUNTY_IL,1
62816,JEFFERSON_COUNTY_IL,1
62817,HAMILTON_COUNTY_IL,1
62818,EDWARDS_COUNTY_IL,0.7118
62818,WABASH_COUNTY_IL,0.2882
62819,FRANKLIN_COUNTY_IL,1
62820,WAYNE_COUNTY_IL,0.1636
62820,WHITE_COUNTY_IL,0.8364
62821,WHITE_COUNTY_IL,1
62822,FRANKLIN_COUNTY_IL,1
62823,WAYNE_COUNTY_IL,1
62824,CLAY_COUNTY_IL,0.9553
62824,WAYNE_COUNTY_IL,0.0447
62825,FRANKLIN_COUNTY_IL,1
62827,WHITE_COUNTY_IL,1
62828,HAMILTON_COUNTY_IL,0.9818
62828,WAYNE_COUNTY_IL,0.0182
62830,JEFFERSON_COUNTY_IL,0.9688
62830,MARION_COUNTY_IL,0.0312
62831,JEFFERSON_COUNTY_IL,0.0061
62831,PERRY_COUNTY_IL,0.1376
62831,WASHINGTON_COUNTY_IL,0.8563
62832,JACKSON_COUNTY_IL,0.012
62832,PERRY_COUNTY_IL,0.988
62833,EDWARDS_COUNTY_IL,0.267
62833,WAYNE_COUNTY_IL,0.733
62835,HAMILTON_COUNTY_IL,0.0475
62835,WHITE_COUNTY_IL,0.9525
62836,FRANKLIN_COUNTY_IL,0.9233
62836,JEFFERSON_COUNTY_IL,0.0767
62837,WAYNE_COUNTY_IL,1
62838,CLAY_COUNTY_IL,0.3039
62838,EFFINGHAM_COUNTY_IL,0.0075
62838,FAYETTE_COUNTY_IL,0.6588
62838,MARION_COUNTY_IL,0.0299
62839,CLAY_COUNTY_IL,0.9988
62839,WAYNE_COUNTY_IL,0.0012
62841,FRANKLIN_COUNTY_IL,0.1481
62841,WILLIAMSON_COUNTY_IL,0.8519
62842,WAYNE_COUNTY_IL,1
62843,WAYNE_COUNTY_IL,1
62844,EDWARDS_COUNTY_IL,0.4624
62844,WHITE_COUNTY_IL,0.5376
62846,JEFFERSON_COUNTY_IL,1
62848,WASHINGTON_COUNTY_IL,1
62849,MARION_COUNTY_IL,0.9991
62849,WAYNE_COUNTY_IL,0.0009
62850,WAYNE_COUNTY_IL,1
62851,JEFFERSON_COUNTY_IL,0.1361
62851,MARION_COUNTY_IL,0.0204
62851,WAYNE_COUNTY_IL,0.8435
62853,JEFFERSON_COUNTY_IL,0.0045
62853,MARION_COUNTY_IL,0.9955
62854,CLAY_COUNTY_IL,0.0055
62854,FAYETTE_COUNTY_IL,0.0011
62854,MARION_COUNTY_IL,0.9933
62856,FRANKLIN_COUNTY_IL,1
62858,CLAY_COUNTY_IL,1
62859,HAMILTON_COUNTY_IL,1
62860,FRANKLIN_COUNTY_IL,0.6327
62860,HAMILTON_COUNTY_IL,0.3673
62861,WHITE_COUNTY_IL,1
62862,WAYNE_COUNTY_IL,0.0051
62862,WHITE_COUNTY_IL,0.9949
62863,WABASH_COUNTY_IL,1
62864,JEFFERSON_COUNTY_IL,1
62865,FRANKLIN_COUNTY_IL,1
62867,GALLATIN_COUNTY_IL,0.7656
62867,WHITE_COUNTY_IL,0.2344
62868,CLAY_COUNTY_IL,0.0566
62868,RICHLAND_COUNTY_IL,0.9176
62868,WAYNE_COUNTY_IL,0.0257
62869,GALLATIN_COUNTY_IL,0.039
62869,HAMILTON_COUNTY_IL,0.003
62869,SALINE_COUNTY_IL,0.0037
62869,WHITE_COUNTY_IL,0.9543
62870,MARION_COUNTY_IL,1
62871,GALLATIN_COUNTY_IL,1
62872,JEFFERSON_COUNTY_IL,1
62874,FRANKLIN_COUNTY_IL,1
62875,CLINTON_COUNTY_IL,0.0245
62875,FAYETTE_COUNTY_IL,0.1588
62875,MARION_COUNTY_IL,0.8167
62876,WASHINGTON_COUNTY_IL,1
62877,JEFFERSON_COUNTY_IL,0.0571
62877,WASHINGTON_COUNTY_IL,0.9429
62878,WAYNE_COUNTY_IL,1
62880,FAYETTE_COUNTY_IL,1
62881,MARION_COUNTY_IL,1
62882,CLINTON_COUNTY_IL,0.0209
62882,MARION_COUNTY_IL,0.9791
62883,FRANKLIN_COUNTY_IL,0.1639
62883,JEFFERSON_COUNTY_IL,0.7377
62883,PERRY_COUNTY_IL,0.0984
62884,FRANKLIN_COUNTY_IL,1
62885,FAYETTE_COUNTY_IL,0.9925
62885,MARION_COUNTY_IL,0.0075
62886,WAYNE_COUNTY_IL,1
62887,HAMILTON_COUNTY_IL,0.3369
62887,WHITE_COUNTY_IL,0.6631
62888,PERRY_COUNTY_IL,1
62889,JEFFERSON_COUNTY_IL,0.7738
62889,MARION_COUNTY_IL,0.2262
62890,FRANKLIN_COUNTY_IL,0.7021
62890,HAMILTON_COUNTY_IL,0.0609
62890,SALINE_COUNTY_IL,0.0341
62890,WILLIAMSON_COUNTY_IL,0.2028
62891,FRANKLIN_COUNTY_IL,1
62892,FAYETTE_COUNTY_IL,0.009
62892,MARION_COUNTY_IL,0.991
62893,JEFFERSON_COUNTY_IL,0.4474
62893,MARION_COUNTY_IL,0.5526
62894,JEFFERSON_COUNTY_IL,1
62895,HAMILTON_COUNTY_IL,0.0125
62895,WAYNE_COUNTY_IL,0.9875
62896,FRANKLIN_COUNTY_IL,0.9523
62896,WILLIAMSON_COUNTY_IL,0.0477
62897,FRANKLIN_COUNTY_IL,1
62898,JEFFERSON_COUNTY_IL,1
62899,CLAY_COUNTY_IL,0.7166
62899,MARION_COUNTY_IL,0.0088
62899,WAYNE_COUNTY_IL,0.2745
62901,JACKSON_COUNTY_IL,0.9575
62901,WILLIAMSON_COUNTY_IL,0.0425
62902,JACKSON_COUNTY_IL,0.8124
62902,JOHNSON_COUNTY_IL,0.0022
62902,UNION_COUNTY_IL,0.0022
62902,WILLIAMSON_COUNTY_IL,0.1831
62903,JACKSON_COUNTY_IL,1
62905,JACKSON_COUNTY_IL,0.134
62905,UNION_COUNTY_IL,0.866
62906,UNION_COUNTY_IL,1
62907,JACKSON_COUNTY_IL,0.9946
62907,PERRY_COUNTY_IL,0.0018
62907,RANDOLPH_COUNTY_IL,0.0036
62908,JOHNSON_COUNTY_IL,0.4444
62908,MASSAC_COUNTY_IL,0.5556
62909,JOHNSON_COUNTY_IL,1
62910,MASSAC_COUNTY_IL,0.8912
62910,POPE_COUNTY_IL,0.1088
62912,JOHNSON_COUNTY_IL,0.519
62912,UNION_COUNTY_IL,0.481
62914,ALEXANDER_COUNTY_IL,1
62915,WILLIAMSON_COUNTY_IL,1
62916,JACKSON_COUNTY_IL,0.7797
62916,PERRY_COUNTY_IL,0.0785
62916,RANDOLPH_COUNTY_IL,0.1418
62917,SALINE_COUNTY_IL,0.9416
62917,WILLIAMSON_COUNTY_IL,0.0584
62918,JACKSON_COUNTY_IL,0.0013
62918,WILLIAMSON_COUNTY_IL,0.9987
62919,HARDIN_COUNTY_IL,1
62920,JACKSON_COUNTY_IL,0.0035
62920,UNION_COUNTY_IL,0.9965
62921,WILLIAMSON_COUNTY_IL,1
62922,JOHNSON_COUNTY_IL,0.2525
62922,SALINE_COUNTY_IL,0.0011
62922,WILLIAMSON_COUNTY_IL,0.7465
62923,JOHNSON_COUNTY_IL,0.8701
62923,PULASKI_COUNTY_IL,0.0984
62923,UNION_COUNTY_IL,0.0315
62924,JACKSON_COUNTY_IL,0.8206
62924,WILLIAMSON_COUNTY_IL,0.1794
62926,PULASKI_COUNTY_IL,0.0995
62926,UNION_COUNTY_IL,0.9005
62927,JACKSON_COUNTY_IL,1
62928,POPE_COUNTY_IL,1
62930,GALLATIN_COUNTY_IL,0.0043
62930,HAMILTON_COUNTY_IL,0.0003
62930,SALINE_COUNTY_IL,0.9955
62931,GALLATIN_COUNTY_IL,0.0216
62931,HARDIN_COUNTY_IL,0.9784
62932,FRANKLIN_COUNTY_IL,0.0025
62932,JACKSON_COUNTY_IL,0.9975
62933,WILLIAMSON_COUNTY_IL,1
62934,GALLATIN_COUNTY_IL,0.8144
62934,SALINE_COUNTY_IL,0.1856
62935,HAMILTON_COUNTY_IL,0.0115
62935,SALINE_COUNTY_IL,0.9885
62938,HARDIN_COUNTY_IL,0.0493
62938,JOHNSON_COUNTY_IL,0.0026
62938,MASSAC_COUNTY_IL,0.0138
62938,POPE_COUNTY_IL,0.9343
62939,JOHNSON_COUNTY_IL,0.9659
62939,UNION_COUNTY_IL,0.0127
62939,WILLIAMSON_COUNTY_IL,0.0214
62940,JACKSON_COUNTY_IL,1
62941,MASSAC_COUNTY_IL,0.2952
62941,PULASKI_COUNTY_IL,0.7048
62942,JACKSON_COUNTY_IL,1
62943,JOHNSON_COUNTY_IL,0.7364
62943,MASSAC_COUNTY_IL,0.2174
62943,POPE_COUNTY_IL,0.0462
62946,SALINE_COUNTY_IL,1
62947,HARDIN_COUNTY_IL,0.6456
62947,POPE_COUNTY_IL,0.3038
62947,SALINE_COUNTY_IL,0.0506
62948,FRANKLIN_COUNTY_IL,0.0003
62948,WILLIAMSON_COUNTY_IL,0.9997
62949,WILLIAMSON_COUNTY_IL,1
62950,JACKSON_COUNTY_IL,1
62951,WILLIAMSON_COUNTY_IL,1
62952,ALEXANDER_COUNTY_IL,0.0128
62952,UNION_COUNTY_IL,0.9872
62953,MASSAC_COUNTY_IL,1
62954,GALLATIN_COUNTY_IL,1
62956,MASSAC_COUNTY_IL,0.3392
62956,PULASKI_COUNTY_IL,0.6608
62957,ALEXANDER_COUNTY_IL,0.9564
62957,UNION_COUNTY_IL,0.0436
62958,JACKSON_COUNTY_IL,0.8101
62958,UNION_COUNTY_IL,0.0908
62958,WILLIAMSON_COUNTY_IL,0.099
62959,WILLIAMSON_COUNTY_IL,1
62960,MASSAC_COUNTY_IL,0.9985
62960,POPE_COUNTY_IL,0.0015
62961,UNION_COUNTY_IL,1
62962,ALEXANDER_COUNTY_IL,1
62963,PULASKI_COUNTY_IL,1
62964,PULASKI_COUNTY_IL,1
62965,SALINE_COUNTY_IL,1
62966,JACKSON_COUNTY_IL,1
62967,JOHNSON_COUNTY_IL,0.9801
62967,WILLIAMSON_COUNTY_IL,0.0199
62969,ALEXANDER_COUNTY_IL,1
62970,PULASKI_COUNTY_IL,1
62972,JOHNSON_COUNTY_IL,0.9525
62972,POPE_COUNTY_IL,0.0385
62972,SALINE_COUNTY_IL,0.0077
62972,WILLIAMSON_COUNTY_IL,0.0013
62974,WILLIAMSON_COUNTY_IL,1
62975,JACKSON_COUNTY_IL,1
62976,PULASKI_COUNTY_IL,1
62977,SALINE_COUNTY_IL,1
62979,GALLATIN_COUNTY_IL,1
62982,HARDIN_COUNTY_IL,1
62983,FRANKLIN_COUNTY_IL,1
62984,GALLATIN_COUNTY_IL,1
62985,JOHNSON_COUNTY_IL,0.5116
62985,POPE_COUNTY_IL,0.4884
62987,POPE_COUNTY_IL,0.1924
62987,SALINE_COUNTY_IL,0.4537
62987,WILLIAMSON_COUNTY_IL,0.3539
62988,ALEXANDER_COUNTY_IL,0.9987
62988,UNION_COUNTY_IL,0.0013
62990,ALEXANDER_COUNTY_IL,1
62992,ALEXANDER_COUNTY_IL,0.0407
62992,PULASKI_COUNTY_IL,0.9593
62994,JACKSON_COUNTY_IL,1
62995,JOHNSON_COUNTY_IL,1
62996,PULASKI_COUNTY_IL,1
62997,PERRY_COUNTY_IL,1
62998,UNION_COUNTY_IL,1
62999,FRANKLIN_COUNTY_IL,1
90001,LOS_ANGELES_COUNTY_CA,1
90002,LOS_ANGELES_COUNTY_CA,1
90003,LOS_ANGELES_COUNTY_CA,1
90004,LOS_ANGELES_COUNTY_CA,1
90005,LOS_ANGELES_COUNTY_CA,1
90006,LOS_ANGELES_COUNTY_CA,1
90007,LOS_ANGELES_COUNTY_CA,1
90008,LOS_ANGELES_COUNTY_CA,1
90009,LOS_ANGELES_COUNTY_CA,1
90010,LOS_ANGELES_COUNTY_CA,1
90011,LOS_ANGELES_COUNTY_CA,1
90012,LOS_ANGELES_COUNTY_CA,1
90013,LOS_ANGELES_COUNTY_CA,1
90014,LOS_ANGELES_COUNTY_CA,1
90015,LOS_ANGELES_COUNTY_CA,1
90016,LOS_ANGELES_COUNTY_CA,1
90017,LOS_ANGELES_COUNTY_CA,1
90018,LOS_ANGELES_COUNTY_CA,1
90019,LOS_ANGELES_COUNTY_CA,1
90020,LOS_ANGELES_COUNTY_CA,1
90021,LOS_ANGELES_COUNTY_CA,1
90022,LOS_ANGELES_COUNTY_CA,1
90023,LOS_ANGELES_COUNTY_CA,1
90024,LOS_ANGELES_COUNTY_CA,1
90025,LOS_ANGELES_COUNTY_CA,1
90026,LOS_ANGELES_COUNTY_CA,1
90027,LOS_ANGELES_COUNTY_CA,1
90028,LOS_ANGELES_COUNTY_CA,1
90029,LOS_ANGELES_COUNTY_CA,1
90030,LOS_ANGELES_COUNTY_CA,1
90031,LOS_ANGELES_COUNTY_CA,1
90032,LOS_ANGELES_COUNTY_CA,1
90033,LOS_ANGELES_COUNTY_CA,1
90034,LOS_ANGELES_COUNTY_CA,1
90035,LOS_ANGELES_COUNTY_CA,1
90036,LOS_ANGELES_COUNTY_CA,1
90037,LOS_ANGELES_COUNTY_CA,1
90038,LOS_ANGELES_COUNTY_CA,1
90039,LOS_ANGELES_COUNTY_CA,1
90040,LOS_ANGELES_COUNTY_CA,1
90041,LOS_ANGELES_COUNTY_CA,1
90042,LOS_ANGELES_COUNTY_CA,1
90043,LOS_ANGELES_COUNTY_CA,1
90044,LOS_ANGELES_COUNTY_CA,1
90045,LOS_ANGELES_COUNTY_CA,1
90046,LOS_ANGELES_COUNTY_CA,1
90047,LOS_ANGELES_COUNTY_CA,1
90048,LOS_ANGELES_COUNTY_CA,1
90049,LOS_ANGELES_COUNTY_CA,1
90050,LOS_ANGELES_COUNTY_CA,1
90051,LOS_ANGELES_COUNTY_CA,1
90053,LOS_ANGELES_COUNTY_CA,1
90054,LOS_ANGELES_COUNTY_CA,1
90056,LOS_ANGELES_COUNTY_CA,1
90057,LOS_ANGELES_COUNTY_CA,1
90058,LOS_ANGELES_COUNTY_CA,1
90059,LOS_ANGELES_COUNTY_CA,1
90060,LOS_ANGELES_COUNTY_CA,1
90061,LOS_ANGELES_COUNTY_CA,1
90062,LOS_ANGELES_COUNTY_CA,1
90063,LOS_ANGELES_COUNTY_CA,1
90064,LOS_ANGELES_COUNTY_CA,1
90065,LOS_ANGELES_COUNTY_CA,1
90066,LOS_ANGELES_COUNTY_CA,1
90067,LOS_ANGELES_COUNTY_CA,1
90068,LOS_ANGELES_COUNTY_CA,1
90069,LOS_ANGELES_COUNTY_CA,1
90070,LOS_ANGELES_COUNTY_CA,1
90071,LOS_ANGELES_COUNTY_CA,1
90072,LOS_ANGELES_COUNTY_CA,1
90075,LOS_ANGELES_COUNTY_CA,1
90076,LOS_ANGELES_COUNTY_CA,1
90077,LOS_ANGELES_COUNTY_CA,1
90078,LOS_ANGELES_COUNTY_CA,1
90079,LOS_ANGELES_COUNTY_CA,1
90081,LOS_ANGELES_COUNTY_CA,1
90082,LOS_ANGELES_COUNTY_CA,1
90083,LOS_ANGELES_COUNTY_CA,1
90086,LOS_ANGELES_COUNTY_CA,1
90087,LOS_ANGELES_COUNTY_CA,1
90089,LOS_ANGELES_COUNTY_CA,1
90091,LOS_ANGELES_COUNTY_CA,1
90093,LOS_ANGELES_COUNTY_CA,1
90094,LOS_ANGELES_COUNTY_CA,1
90095,LOS_ANGELES_COUNTY_CA,1
90201,LOS_ANGELES_COUNTY_CA,1
90202,LOS_ANGELES_COUNTY_CA,1
90209,LOS_ANGELES_COUNTY_CA,1
90210,LOS_ANGELES_COUNTY_CA,1
90211,LOS_ANGELES_COUNTY_CA,1
90212,LOS_ANGELES_COUNTY_CA,1
90213,LOS_ANGELES_COUNTY_CA,1
90220,LOS_ANGELES_COUNTY_CA,1
90221,LOS_ANGELES_COUNTY_CA,1
90222,LOS_ANGELES_COUNTY_CA,1
90223,LOS_ANGELES_COUNTY_CA,1
90224,LOS_ANGELES_COUNTY_CA,1
90230,LOS_ANGELES_COUNTY_CA,1
90231,LOS_ANGELES_COUNTY_CA,1
90232,LOS_ANGELES_COUNTY_CA,1
90239,LOS_ANGELES_COUNTY_CA,1
90240,LOS_ANGELES_COUNTY_CA,1
90241,LOS_ANGELES_COUNTY_CA,1
90242,LOS_ANGELES_COUNTY_CA,1
90245,LOS_ANGELES_COUNTY_CA,1
90247,LOS_ANGELES_COUNTY_CA,1
90248,LOS_ANGELES_COUNTY_CA,1
90249,LOS_ANGELES_COUNTY_CA,1
90250,LOS_ANGELES_COUNTY_CA,1
90251,LOS_ANGELES_COUNTY_CA,1
90254,LOS_ANGELES_COUNTY_CA,1
90255,LOS_ANGELES_COUNTY_CA,1
90260,LOS_ANGELES_COUNTY_CA,1
90262,LOS_ANGELES_COUNTY_CA,1
90264,LOS_ANGELES_COUNTY_CA,1
90265,LOS_ANGELES_COUNTY_CA,0.9569
90265,VENTURA_COUNTY_CA,0.0431
90266,LOS_ANGELES_COUNTY_CA,1
90267,LOS_ANGELES_COUNTY_CA,1
90270,LOS_ANGELES_COUNTY_CA,1
90272,LOS_ANGELES_COUNTY_CA,1
90274,LOS_ANGELES_COUNTY_CA,1
90275,LOS_ANGELES_COUNTY_CA,1
90277,LOS_ANGELES_COUNTY_CA,1
90278,LOS_ANGELES_COUNTY_CA,1
90280,LOS_ANGELES_COUNTY_CA,1
90290,LOS_ANGELES_COUNTY_CA,1
90291,LOS_ANGELES_COUNTY_CA,1
90292,LOS_ANGELES_COUNTY_CA,1
90293,LOS_ANGELES_COUNTY_CA,1
90294,LOS_ANGELES_COUNTY_CA,1
90295,LOS_ANGELES_COUNTY_CA,1
90296,LOS_ANGELES_COUNTY_CA,1
90301,LOS_ANGELES_COUNTY_CA,1
90302,LOS_ANGELES_COUNTY_CA,1
90303,LOS_ANGELES_COUNTY_CA,1
90304,LOS_ANGELES_COUNTY_CA,1
90305,LOS_ANGELES_COUNTY_CA,1
90306,LOS_ANGELES_COUNTY_CA,1
90307,LOS_ANGELES_COUNTY_CA,1
90308,LOS_ANGELES_COUNTY_CA,1
90309,LOS_ANGELES_COUNTY_CA,1
90310,LOS_ANGELES_COUNTY_CA,1
90401,LOS_ANGELES_COUNTY_CA,1
90402,LOS_ANGELES_COUNTY_CA,1
90403,LOS_ANGELES_COUNTY_CA,1
90404,LOS_ANGELES_COUNTY_CA,1
90405,LOS_ANGELES_COUNTY_CA,1
90406,LOS_ANGELES_COUNTY_CA,1
90408,LOS_ANGELES_COUNTY_CA,1
90409,LOS_ANGELES_COUNTY_CA,1
90501,LOS_ANGELES_COUNTY_CA,1
90502,LOS_ANGELES_COUNTY_CA,1
90503,LOS_ANGELES_COUNTY_CA,1
90504,LOS_ANGELES_COUNTY_CA,1
90505,LOS_ANGELES_COUNTY_CA,1
90507,LOS_ANGELES_COUNTY_CA,1
90508,LOS_ANGELES_COUNTY_CA,1
90510,LOS_ANGELES_COUNTY_CA,1
90601,LOS_ANGELES_COUNTY_CA,1
90602,LOS_ANGELES_COUNTY_CA,1
90603,LOS_ANGELES_COUNTY_CA,1
90604,LOS_ANGELES_COUNTY_CA,1
90605,LOS_ANGELES_COUNTY_CA,1
90606,LOS_ANGELES_COUNTY_CA,1
90607,LOS_ANGELES_COUNTY_CA,1
90608,LOS_ANGELES_COUNTY_CA,1
90609,LOS_ANGELES_COUNTY_CA,1
90620,ORANGE_COUNTY_CA,1
90621,ORANGE_COUNTY_CA,1
90622,ORANGE_COUNTY_CA,1
90623,LOS_ANGELES_COUNTY_CA,0.016
90623,ORANGE_COUNTY_CA,0.984
90630,LOS_ANGELES_COUNTY_CA,0.0037
90630,ORANGE_COUNTY_CA,0.9963
90631,LOS_ANGELES_COUNTY_CA,0.0919
90631,ORANGE_COUNTY_CA,0.9081
90632,ORANGE_COUNTY_CA,1
90633,ORANGE_COUNTY_CA,1
90637,LOS_ANGELES_COUNTY_CA,1
90638,LOS_ANGELES_COUNTY_CA,0.9907
90638,ORANGE_COUNTY_CA,0.0093
90640,LOS_ANGELES_COUNTY_CA,1
90650,LOS_ANGELES_COUNTY_CA,1
90651,LOS_ANGELES_COUNTY_CA,1
90652,LOS_ANGELES_COUNTY_CA,1
90660,LOS_ANGELES_COUNTY_CA,1
90662,LOS_ANGELES_COUNTY_CA,1
90670,LOS_ANGELES_COUNTY_CA,1
90680,ORANGE_COUNTY_CA,1
90701,LOS_ANGELES_COUNTY_CA,1
90702,LOS_ANGELES_COUNTY_CA,1
90703,LOS_ANGELES_COUNTY_CA,1
90704,LOS_ANGELES_COUNTY_CA,1
90706,LOS_ANGELES_COUNTY_CA,1
90707,LOS_ANGELES_COUNTY_CA,1
90710,LOS_ANGELES_COUNTY_CA,1
90711,LOS_ANGELES_COUNTY_CA,1
90712,LOS_ANGELES_COUNTY_CA,1
90713,LOS_ANGELES_COUNTY_CA,1
90714,LOS_ANGELES_COUNTY_CA,1
90715,LOS_ANGELES_COUNTY_CA,1
90716,LOS_ANGELES_COUNTY_CA,1
90717,LOS_ANGELES_COUNTY_CA,1
90720,ORANGE_COUNTY_CA,1
90721,ORANGE_COUNTY_CA,1
90723,LOS_ANGELES_COUNTY_CA,1
90731,LOS_ANGELES_COUNTY_CA,1
90732,LOS_ANGELES_COUNTY_CA,1
90733,LOS_ANGELES_COUNTY_CA,1
90734,LOS_ANGELES_COUNTY_CA,1
90740,ORANGE_COUNTY_CA,1
90742,ORANGE_COUNTY_CA,1
90743,ORANGE_COUNTY_CA,1
90744,LOS_ANGELES_COUNTY_CA,1
90745,LOS_ANGELES_COUNTY_CA,1
90746,LOS_ANGELES_COUNTY_CA,1
90748,LOS_ANGELES_COUNTY_CA,1
90749,LOS_ANGELES_COUNTY_CA,1
90755,LOS_ANGELES_COUNTY_CA,1
90801,LOS_ANGELES_COUNTY_CA,1
90802,LOS_ANGELES_COUNTY_CA,1
90803,LOS_ANGELES_COUNTY_CA,1
90804,LOS_ANGELES_COUNTY_CA,1
90805,LOS_ANGELES_COUNTY_CA,1
90806,LOS_ANGELES_COUNTY_CA,1
90807,LOS_ANGELES_COUNTY_CA,1
90808,LOS_ANGELES_COUNTY_CA,0.9984
90808,ORANGE_COUNTY_CA,0.0016
90809,LOS_ANGELES_COUNTY_CA,1
90810,LOS_ANGELES_COUNTY_CA,1
90813,LOS_ANGELES_COUNTY_CA,1
90814,LOS_ANGELES_COUNTY_CA,1
90815,LOS_ANGELES_COUNTY_CA,0.9978
90815,ORANGE_COUNTY_CA,0.0022
90832,LOS_ANGELES_COUNTY_CA,1
90853,LOS_ANGELES_COUNTY_CA,1
91001,LOS_ANGELES_COUNTY_CA,1
91003,LOS_ANGELES_COUNTY_CA,1
91006,LOS_ANGELES_COUNTY_CA,1
91007,LOS_ANGELES_COUNTY_CA,1
91008,LOS_ANGELES_COUNTY_CA,1
91009,LOS_ANGELES_COUNTY_CA,1
91010,LOS_ANGELES_COUNTY_CA,1
91011,LOS_ANGELES_COUNTY_CA,1
91012,LOS_ANGELES_COUNTY_CA,1
91016,LOS_ANGELES_COUNTY_CA,1
91017,LOS_ANGELES_COUNTY_CA,1
91020,LOS_ANGELES_COUNTY_CA,1
91021,LOS_ANGELES_COUNTY_CA,1
91023,LOS_ANGELES_COUNTY_CA,1
91024,LOS_ANGELES_COUNTY_CA,1
91025,LOS_ANGELES_COUNTY_CA,1
91030,LOS_ANGELES_COUNTY_CA,1
91031,LOS_ANGELES_COUNTY_CA,1
91040,LOS_ANGELES_COUNTY_CA,1
91041,LOS_ANGELES_COUNTY_CA,1
91042,LOS_ANGELES_COUNTY_CA,1
91043,LOS_ANGELES_COUNTY_CA,1
91046,LOS_ANGELES_COUNTY_CA,1
91066,LOS_ANGELES_COUNTY_CA,1
91077,LOS_ANGELES_COUNTY_CA,1
91101,LOS_ANGELES_COUNTY_CA,1
91102,LOS_ANGELES_COUNTY_CA,1
91103,LOS_ANGELES_COUNTY_CA,1
91104,LOS_ANGELES_COUNTY_CA,1
91105,LOS_ANGELES_COUNTY_CA,1
91106,LOS_ANGELES_COUNTY_CA,1
91107,LOS_ANGELES_COUNTY_CA,1
91108,LOS_ANGELES_COUNTY_CA,1
91109,LOS_ANGELES_COUNTY_CA,1
91114,LOS_ANGELES_COUNTY_CA,1
91115,LOS_ANGELES_COUNTY_CA,1
91116,LOS_ANGELES_COUNTY_CA,1
91117,LOS_ANGELES_COUNTY_CA,1
91118,LOS_ANGELES_COUNTY_CA,1
91201,LOS_ANGELES_COUNTY_CA,1
91202,LOS_ANGELES_COUNTY_CA,1
91203,LOS_ANGELES_COUNTY_CA,1
91204,LOS_ANGELES_COUNTY_CA,1
91205,LOS_ANGELES_COUNTY_CA,1
91206,LOS_ANGELES_COUNTY_CA,1
91207,LOS_ANGELES_COUNTY_CA,1
91208,LOS_ANGELES_COUNTY_CA,1
91209,LOS_ANGELES_COUNTY_CA,1
91210,LOS_ANGELES_COUNTY_CA,1
91214,LOS_ANGELES_COUNTY_CA,1
91221,LOS_ANGELES_COUNTY_CA,1
91222,LOS_ANGELES_COUNTY_CA,1
91224,LOS_ANGELES_COUNTY_CA,1
91225,LOS_ANGELES_COUNTY_CA,1
91226,LOS_ANGELES_COUNTY_CA,1
91301,LOS_ANGELES_COUNTY_CA,1
91302,LOS_ANGELES_COUNTY_CA,1
91303,LOS_ANGELES_COUNTY_CA,1
91304,LOS_ANGELES_COUNTY_CA,0.9935
91304,VENTURA_COUNTY_CA,0.0065
91305,LOS_ANGELES_COUNTY_CA,1
91306,LOS_ANGELES_COUNTY_CA,1
91307,LOS_ANGELES_COUNTY_CA,0.9188
91307,VENTURA_COUNTY_CA,0.0812
91308,LOS_ANGELES_COUNTY_CA,1
91309,LOS_ANGELES_COUNTY_CA,1
91310,LOS_ANGELES_COUNTY_CA,1
91311,LOS_ANGELES_COUNTY_CA,0.9924
91311,VENTURA_COUNTY_CA,0.0076
91313,LOS_ANGELES_COUNTY_CA,1
91316,LOS_ANGELES_COUNTY_CA,1
91319,VENTURA_COUNTY_CA,1
91320,VENTURA_COUNTY_CA,1
91321,LOS_ANGELES_COUNTY_CA,1
91322,LOS_ANGELES_COUNTY_CA,1
91324,LOS_ANGELES_COUNTY_CA,1
91325,LOS_ANGELES_COUNTY_CA,1
91326,LOS_ANGELES_COUNTY_CA,1
91327,LOS_ANGELES_COUNTY_CA,1
91328,LOS_ANGELES_COUNTY_CA,1
91330,LOS_ANGELES_COUNTY_CA,1
91331,LOS_ANGELES_COUNTY_CA,1
91333,LOS_ANGELES_COUNTY_CA,1
91334,LOS_ANGELES_COUNTY_CA,1
91335,LOS_ANGELES_COUNTY_CA,1
91337,LOS_ANGELES_COUNTY_CA,1
91340,LOS_ANGELES_COUNTY_CA,1
91341,LOS_ANGELES_COUNTY_CA,1
91342,LOS_ANGELES_COUNTY_CA,1
91343,LOS_ANGELES_COUNTY_CA,1
91344,LOS_ANGELES_COUNTY_CA,1
91345,LOS_ANGELES_COUNTY_CA,1
91346,LOS_ANGELES_COUNTY_CA,1
91350,LOS_ANGELES_COUNTY_CA,1
91351,LOS_ANGELES_COUNTY_CA,1
91352,LOS_ANGELES_COUNTY_CA,1
91353,LOS_ANGELES_COUNTY_CA,1
91354,LOS_ANGELES_COUNTY_CA,1
91355,LOS_ANGELES_COUNTY_CA,1
91356,LOS_ANGELES_COUNTY_CA,1
91357,LOS_ANGELES_COUNTY_CA,1
91358,VENTURA_COUNTY_CA,1
91359,VENTURA_COUNTY_CA,1
91360,VENTURA_COUNTY_CA,1
91361,LOS_ANGELES_COUNTY_CA,0.3387
91361,VENTURA_COUNTY_CA,0.6613
91362,LOS_ANGELES_COUNTY_CA,0.0287
91362,VENTURA_COUNTY_CA,0.9713
91364,LOS_ANGELES_COUNTY_CA,1
91365,LOS_ANGELES_COUNTY_CA,1
91367,LOS_ANGELES_COUNTY_CA,1
91372,LOS_ANGELES_COUNTY_CA,1
91376,LOS_ANGELES_COUNTY_CA,1
91377,VENTURA_COUNTY_CA,1
91380,LOS_ANGELES_COUNTY_CA,1
91381,LOS_ANGELES_COUNTY_CA,1
91384,LOS_ANGELES_COUNTY_CA,1
91385,LOS_ANGELES_COUNTY_CA,1
91386,LOS_ANGELES_COUNTY_CA,1
91387,LOS_ANGELES_COUNTY_CA,1
91390,LOS_ANGELES_COUNTY_CA,1
91392,LOS_ANGELES_COUNTY_CA,1
91393,LOS_ANGELES_COUNTY_CA,1
91394,LOS_ANGELES_COUNTY_CA,1
91395,LOS_ANGELES_COUNTY_CA,1
91396,LOS_ANGELES_COUNTY_CA,1
91401,LOS_ANGELES_COUNTY_CA,1
91402,LOS_ANGELES_COUNTY_CA,1
91403,LOS_ANGELES_COUNTY_CA,1
91404,LOS_ANGELES_COUNTY_CA,1
91405,LOS_ANGELES_COUNTY_CA,1
91406,LOS_ANGELES_COUNTY_CA,1
91407,LOS_ANGELES_COUNTY_CA,1
91408,LOS_ANGELES_COUNTY_CA,1
91409,LOS_ANGELES_COUNTY_CA,1
91411,LOS_ANGELES_COUNTY_CA,1
91412,LOS_ANGELES_COUNTY_CA,1
91413,LOS_ANGELES_COUNTY_CA,1
91416,LOS_ANGELES_COUNTY_CA,1
91423,LOS_ANGELES_COUNTY_CA,1
91426,LOS_ANGELES_COUNTY_CA,1
91436,LOS_ANGELES_COUNTY_CA,1
91501,LOS_ANGELES_COUNTY_CA,1
91502,LOS_ANGELES_COUNTY_CA,1
91503,LOS_ANGELES_COUNTY_CA,1
91504,LOS_ANGELES_COUNTY_CA,1
91505,LOS_ANGELES_COUNTY_CA,1
91506,LOS_ANGELES_COUNTY_CA,1
91507,LOS_ANGELES_COUNTY_CA,1
91508,LOS_ANGELES_COUNTY_CA,1
91510,LOS_ANGELES_COUNTY_CA,1
91601,LOS_ANGELES_COUNTY_CA,1
91602,LOS_ANGELES_COUNTY_CA,1
91603,LOS_ANGELES_COUNTY_CA,1
91604,LOS_ANGELES_COUNTY_CA,1
91605,LOS_ANGELES_COUNTY_CA,1
91606,LOS_ANGELES_COUNTY_CA,1
91607,LOS_ANGELES_COUNTY_CA,1
91609,LOS_ANGELES_COUNTY_CA,1
91610,LOS_ANGELES_COUNTY_CA,1
91614,LOS_ANGELES_COUNTY_CA,1
91615,LOS_ANGELES_COUNTY_CA,1
91617,LOS_ANGELES_COUNTY_CA,1
91701,SAN_BERNARDINO_COUNTY_CA,1
91702,LOS_ANGELES_COUNTY_CA,1
91706,LOS_ANGELES_COUNTY_CA,1
91708,SAN_BERNARDINO_COUNTY_CA,1
91709,LOS_ANGELES_COUNTY_CA,0.001
91709,SAN_BERNARDINO_COUNTY_CA,0.999
91710,LOS_ANGELES_COUNTY_CA,0.0002
91710,SAN_BERNARDINO_COUNTY_CA,0.9998
91711,LOS_ANGELES_COUNTY_CA,1
91715,LOS_ANGELES_COUNTY_CA,1
91722,LOS_ANGELES_COUNTY_CA,1
91723,LOS_ANGELES_COUNTY_CA,1
91724,LOS_ANGELES_COUNTY_CA,1
91729,SAN_BERNARDINO_COUNTY_CA,1
91730,SAN_BERNARDINO_COUNTY_CA,1
91731,LOS_ANGELES_COUNTY_CA,1
91732,LOS_ANGELES_COUNTY_CA,1
91733,LOS_ANGELES_COUNTY_CA,1
91734,LOS_ANGELES_COUNTY_CA,1
91737,SAN_BERNARDINO_COUNTY_CA,1
91739,SAN_BERNARDINO_COUNTY_CA,1
91740,LOS_ANGELES_COUNTY_CA,1
91741,LOS_ANGELES_COUNTY_CA,1
91743,SAN_BERNARDINO_COUNTY_CA,1
91744,LOS_ANGELES_COUNTY_CA,1
91745,LOS_ANGELES_COUNTY_CA,1
91746,LOS_ANGELES_COUNTY_CA,1
91747,LOS_ANGELES_COUNTY_CA,1
91748,LOS_ANGELES_COUNTY_CA,1
91750,LOS_ANGELES_COUNTY_CA,1
91752,RIVERSIDE_COUNTY_CA,1
91754,LOS_ANGELES_COUNTY_CA,1
91755,LOS_ANGELES_COUNTY_CA,1
91761,SAN_BERNARDINO_COUNTY_CA,1
91762,RIVERSIDE_COUNTY_CA,0.0001
91762,SAN_BERNARDINO_COUNTY_CA,0.9999
91763,SAN_BERNARDINO_COUNTY_CA,1
91764,SAN_BERNARDINO_COUNTY_CA,1
91765,LOS_ANGELES_COUNTY_CA,1
91766,LOS_ANGELES_COUNTY_CA,0.9473
91766,SAN_BERNARDINO_COUNTY_CA,0.0527
91767,LOS_ANGELES_COUNTY_CA,1
91768,LOS_ANGELES_COUNTY_CA,1
91769,LOS_ANGELES_COUNTY_CA,1
91770,LOS_ANGELES_COUNTY_CA,1
91773,LOS_ANGELES_COUNTY_CA,1
91775,LOS_ANGELES_COUNTY_CA,1
91776,LOS_ANGELES_COUNTY_CA,1
91778,LOS_ANGELES_COUNTY_CA,1
91780,LOS_ANGELES_COUNTY_CA,1
91784,SAN_BERNARDINO_COUNTY_CA,1
91785,SAN_BERNARDINO_COUNTY_CA,1
91786,LOS_ANGELES_COUNTY_CA,0.0019
91786,SAN_BERNARDINO_COUNTY_CA,0.9981
91788,LOS_ANGELES_COUNTY_CA,1
91789,LOS_ANGELES_COUNTY_CA,1
91790,LOS_ANGELES_COUNTY_CA,1
91791,LOS_ANGELES_COUNTY_CA,1
91792,LOS_ANGELES_COUNTY_CA,1
91793,LOS_ANGELES_COUNTY_CA,1
91801,LOS_ANGELES_COUNTY_CA,1
91802,LOS_ANGELES_COUNTY_CA,1
91803,LOS_ANGELES_COUNTY_CA,1
91901,SAN_DIEGO_COUNTY_CA,1
91902,SAN_DIEGO_COUNTY_CA,1
91903,SAN_DIEGO_COUNTY_CA,1
91905,SAN_DIEGO_COUNTY_CA,1
91906,SAN_DIEGO_COUNTY_CA,1
91908,SAN_DIEGO_COUNTY_CA,1
91910,SAN_DIEGO_COUNTY_CA,1
91911,SAN_DIEGO_COUNTY_CA,1
91912,SAN_DIEGO_COUNTY_CA,1
91913,SAN_DIEGO_COUNTY_CA,1
91914,SAN_DIEGO_COUNTY_CA,1
91915,SAN_DIEGO_COUNTY_CA,1
91916,SAN_DIEGO_COUNTY_CA,1
91917,SAN_DIEGO_COUNTY_CA,1
91921,SAN_DIEGO_COUNTY_CA,1
91931,SAN_DIEGO_COUNTY_CA,1
91932,SAN_DIEGO_COUNTY_CA,1
91933,SAN_DIEGO_COUNTY_CA,1
91934,SAN_DIEGO_COUNTY_CA,1
91935,SAN_DIEGO_COUNTY_CA,1
91941,SAN_DIEGO_COUNTY_CA,1
91942,SAN_DIEGO_COUNTY_CA,1
91943,SAN_DIEGO_COUNTY_CA,1
91944,SAN_DIEGO_COUNTY_CA,1
91945,SAN_DIEGO_COUNTY_CA,1
91946,SAN_DIEGO_COUNTY_CA,1
91948,SAN_DIEGO_COUNTY_CA,1
91950,SAN_DIEGO_COUNTY_CA,1
91951,SAN_DIEGO_COUNTY_CA,1
91962,SAN_DIEGO_COUNTY_CA,1
91963,SAN_DIEGO_COUNTY_CA,1
91976,SAN_DIEGO_COUNTY_CA,1
91977,SAN_DIEGO_COUNTY_CA,1
91978,SAN_DIEGO_COUNTY_CA,1
91979,SAN_DIEGO_COUNTY_CA,1
91980,SAN_DIEGO_COUNTY_CA,1
92003,SAN_DIEGO_COUNTY_CA,1
92004,SAN_DIEGO_COUNTY_CA,1
92007,SAN_DIEGO_COUNTY_CA,1
92008,SAN_DIEGO_COUNTY_CA,1
92009,SAN_DIEGO_COUNTY_CA,1
92010,SAN_DIEGO_COUNTY_CA,1
92011,SAN_DIEGO_COUNTY_CA,1
92013,SAN_DIEGO_COUNTY_CA,1
92014,SAN_DIEGO_COUNTY_CA,1
92018,SAN_DIEGO_COUNTY_CA,1
92019,SAN_DIEGO_COUNTY_CA,1
92020,SAN_DIEGO_COUNTY_CA,1
92021,SAN_DIEGO_COUNTY_CA,1
92022,SAN_DIEGO_COUNTY_CA,1
92023,SAN_DIEGO_COUNTY_CA,1
92024,SAN_DIEGO_COUNTY_CA,1
92025,SAN_DIEGO_COUNTY_CA,1
92026,SAN_DIEGO_COUNTY_CA,1
92027,SAN_DIEGO_COUNTY_CA,1
92028,RIVERSIDE_COUNTY_CA,0.0005
92028,SAN_DIEGO_COUNTY_CA,0.9995
92029,SAN_DIEGO_COUNTY_CA,1
92030,SAN_DIEGO_COUNTY_CA,1
92033,SAN_DIEGO_COUNTY_CA,1
92036,SAN_DIEGO_COUNTY_CA,1
92037,SAN_DIEGO_COUNTY_CA,1
92038,SAN_DIEGO_COUNTY_CA,1
92039,SAN_DIEGO_COUNTY_CA,1
92040,SAN_DIEGO_COUNTY_CA,1
92046,SAN_DIEGO_COUNTY_CA,1
92049,SAN_DIEGO_COUNTY_CA,1
92051,SAN_DIEGO_COUNTY_CA,1
92052,SAN_DIEGO_COUNTY_CA,1
92054,SAN_DIEGO_COUNTY_CA,1
92056,SAN_DIEGO_COUNTY_CA,1
92057,SAN_DIEGO_COUNTY_CA,1
92058,SAN_DIEGO_COUNTY_CA,1
92059,SAN_DIEGO_COUNTY_CA,1
92060,SAN_DIEGO_COUNTY_CA,1
92061,SAN_DIEGO_COUNTY_CA,1
92064,SAN_DIEGO_COUNTY_CA,1
92065,SAN_DIEGO_COUNTY_CA,1
92066,SAN_DIEGO_COUNTY_CA,1
92067,SAN_DIEGO_COUNTY_CA,1
92068,SAN_DIEGO_COUNTY_CA,1
92069,SAN_DIEGO_COUNTY_CA,1
92070,SAN_DIEGO_COUNTY_CA,1
92071,SAN_DIEGO_COUNTY_CA,1
92072,SAN_DIEGO_COUNTY_CA,1
92074,SAN_DIEGO_COUNTY_CA,1
92075,SAN_DIEGO_COUNTY_CA,1
92078,SAN_DIEGO_COUNTY_CA,1
92079,SAN_DIEGO_COUNTY_CA,1
92081,SAN_DIEGO_COUNTY_CA,1
92082,SAN_DIEGO_COUNTY_CA,1
92083,SAN_DIEGO_COUNTY_CA,1
92084,SAN_DIEGO_COUNTY_CA,1
92085,SAN_DIEGO_COUNTY_CA,1
92086,SAN_DIEGO_COUNTY_CA,1
92088,SAN_DIEGO_COUNTY_CA,1
92091,SAN_DIEGO_COUNTY_CA,1
92092,SAN_DIEGO_COUNTY_CA,1
92093,SAN_DIEGO_COUNTY_CA,1
92101,SAN_DIEGO_COUNTY_CA,1
92102,SAN_DIEGO_COUNTY_CA,1
92103,SAN_DIEGO_COUNTY_CA,1
92104,SAN_DIEGO_COUNTY_CA,1
92105,SAN_DIEGO_COUNTY_CA,1
92106,SAN_DIEGO_COUNTY_CA,1
92107,SAN_DIEGO_COUNTY_CA,1
92108,SAN_DIEGO_COUNTY_CA,1
92109,SAN_DIEGO_COUNTY_CA,1
92110,SAN_DIEGO_COUNTY_CA,1
92111,SAN_DIEGO_COUNTY_CA,1
92112,SAN_DIEGO_COUNTY_CA,1
92113,SAN_DIEGO_COUNTY_CA,1
92114,SAN_DIEGO_COUNTY_CA,1
92115,SAN_DIEGO_COUNTY_CA,1
92116,SAN_DIEGO_COUNTY_CA,1
92117,SAN_DIEGO_COUNTY_CA,1
92118,SAN_DIEGO_COUNTY_CA,1
92119,SAN_DIEGO_COUNTY_CA,1
92120,SAN_DIEGO_COUNTY_CA,1
92121,SAN_DIEGO_COUNTY_CA,1
92122,SAN_DIEGO_COUNTY_CA,1
92123,SAN_DIEGO_COUNTY_CA,1
92124,SAN_DIEGO_COUNTY_CA,1
92126,SAN_DIEGO_COUNTY_CA,1
92127,SAN_DIEGO_COUNTY_CA,1
92128,SAN_DIEGO_COUNTY_CA,1
92129,SAN_DIEGO_COUNTY_CA,1
92130,SAN_DIEGO_COUNTY_CA,1
92131,SAN_DIEGO_COUNTY_CA,1
92135,SAN_DIEGO_COUNTY_CA,1
92137,SAN_DIEGO_COUNTY_CA,1
92138,SAN_DIEGO_COUNTY_CA,1
92139,SAN_DIEGO_COUNTY_CA,1
92140,SAN_DIEGO_COUNTY_CA,1
92142,SAN_DIEGO_COUNTY_CA,1
92143,SAN_DIEGO_COUNTY_CA,1
92147,SAN_DIEGO_COUNTY_CA,1
92149,SAN_DIEGO_COUNTY_CA,1
92150,SAN_DIEGO_COUNTY_CA,1
92153,SAN_DIEGO_COUNTY_CA,1
92154,SAN_DIEGO_COUNTY_CA,1
92159,SAN_DIEGO_COUNTY_CA,1
92160,SAN_DIEGO_COUNTY_CA,1
92163,SAN_DIEGO_COUNTY_CA,1
92165,SAN_DIEGO_COUNTY_CA,1
92166,SAN_DIEGO_COUNTY_CA,1
92167,SAN_DIEGO_COUNTY_CA,1
92168,SAN_DIEGO_COUNTY_CA,1
92169,SAN_DIEGO_COUNTY_CA,1
92170,SAN_DIEGO_COUNTY_CA,1
92171,SAN_DIEGO_COUNTY_CA,1
92172,SAN_DIEGO_COUNTY_CA,1
92173,SAN_DIEGO_COUNTY_CA,1
92174,SAN_DIEGO_COUNTY_CA,1
92175,SAN_DIEGO_COUNTY_CA,1
92176,SAN_DIEGO_COUNTY_CA,1
92177,SAN_DIEGO_COUNTY_CA,1
92178,SAN_DIEGO_COUNTY_CA,1
92191,SAN_DIEGO_COUNTY_CA,1
92192,SAN_DIEGO_COUNTY_CA,1
92193,SAN_DIEGO_COUNTY_CA,1
92195,SAN_DIEGO_COUNTY_CA,1
92196,SAN_DIEGO_COUNTY_CA,1
92198,SAN_DIEGO_COUNTY_CA,1
92201,RIVERSIDE_COUNTY_CA,1
92202,RIVERSIDE_COUNTY_CA,1
92203,RIVERSIDE_COUNTY_CA,1
92210,RIVERSIDE_COUNTY_CA,1
92211,RIVERSIDE_COUNTY_CA,1
92220,RIVERSIDE_COUNTY_CA,1
92223,RIVERSIDE_COUNTY_CA,1.0
92223,SAN_BERNARDINO_COUNTY_CA,0.0
92225,IMPERIAL_COUNTY_CA,0.0018
92225,RIVERSIDE_COUNTY_CA,0.9982
92226,RIVERSIDE_COUNTY_CA,1
92227,IMPERIAL_COUNTY_CA,1
92230,RIVERSIDE_COUNTY_CA,1
92231,IMPERIAL_COUNTY_CA,1
92232,IMPERIAL_COUNTY_CA,1
92233,IMPERIAL_COUNTY_CA,1
92234,RIVERSIDE_COUNTY_CA,1
92235,RIVERSIDE_COUNTY_CA,1
92236,RIVERSIDE_COUNTY_CA,1
92239,RIVERSIDE_COUNTY_CA,1
92240,RIVERSIDE_COUNTY_CA,1
92241,RIVERSIDE_COUNTY_CA,1
92242,SAN_BERNARDINO_COUNTY_CA,1
92243,IMPERIAL_COUNTY_CA,1
92244,IMPERIAL_COUNTY_CA,1
92247,RIVERSIDE_COUNTY_CA,1
92248,RIVERSIDE_COUNTY_CA,1
92249,IMPERIAL_COUNTY_CA,1
92250,IMPERIAL_COUNTY_CA,1
92251,IMPERIAL_COUNTY_CA,1
92252,SAN_BERNARDINO_COUNTY_CA,1
92253,RIVERSIDE_COUNTY_CA,1
92254,RIVERSIDE_COUNTY_CA,1
92255,RIVERSIDE_COUNTY_CA,1
92256,SAN_BERNARDINO_COUNTY_CA,1
92257,IMPERIAL_COUNTY_CA,1
92258,RIVERSIDE_COUNTY_CA,1
92259,IMPERIAL_COUNTY_CA,1
92260,RIVERSIDE_COUNTY_CA,1
92261,RIVERSIDE_COUNTY_CA,1
92262,RIVERSIDE_COUNTY_CA,1
92263,RIVERSIDE_COUNTY_CA,1
92264,RIVERSIDE_COUNTY_CA,1
92268,SAN_BERNARDINO_COUNTY_CA,1
92270,RIVERSIDE_COUNTY_CA,1
92273,IMPERIAL_COUNTY_CA,1
92274,IMPERIAL_COUNTY_CA,0.371
92274,RIVERSIDE_COUNTY_CA,0.629
92275,IMPERIAL_COUNTY_CA,1
92276,RIVERSIDE_COUNTY_CA,1
92277,SAN_BERNARDINO_COUNTY_CA,1
92280,SAN_BERNARDINO_COUNTY_CA,1
92281,IMPERIAL_COUNTY_CA,1
92282,RIVERSIDE_COUNTY_CA,1
92283,IMPERIAL_COUNTY_CA,1
92284,SAN_BERNARDINO_COUNTY_CA,1
92285,SAN_BERNARDINO_COUNTY_CA,1
92286,SAN_BERNARDINO_COUNTY_CA,1
92301,LOS_ANGELES_COUNTY_CA,0.0001
92301,SAN_BERNARDINO_COUNTY_CA,0.9999
92305,SAN_BERNARDINO_COUNTY_CA,1
92307,SAN_BERNARDINO_COUNTY_CA,1
92308,SAN_BERNARDINO_COUNTY_CA,1
92309,SAN_BERNARDINO_COUNTY_CA,1
92310,SAN_BERNARDINO_COUNTY_CA,1
92311,SAN_BERNARDINO_COUNTY_CA,1
92312,SAN_BERNARDINO_COUNTY_CA,1
92313,RIVERSIDE_COUNTY_CA,0.0052
92313,SAN_BERNARDINO_COUNTY_CA,0.9948
92314,SAN_BERNARDINO_COUNTY_CA,1
92315,SAN_BERNARDINO_COUNTY_CA,1
92316,SAN_BERNARDINO_COUNTY_CA,1
92317,SAN_BERNARDINO_COUNTY_CA,1
92318,SAN_BERNARDINO_COUNTY_CA,1
92320,RIVERSIDE_COUNTY_CA,0.9963
92320,SAN_BERNARDINO_COUNTY_CA,0.0037
92321,SAN_BERNARDINO_COUNTY_CA,1
92322,SAN_BERNARDINO_COUNTY_CA,1
92323,SAN_BERNARDINO_COUNTY_CA,1
92324,RIVERSIDE_COUNTY_CA,0.015
92324,SAN_BERNARDINO_COUNTY_CA,0.985
92325,SAN_BERNARDINO_COUNTY_CA,1
92327,SAN_BERNARDINO_COUNTY_CA,1
92328,INYO_COUNTY_CA,1
92329,SAN_BERNARDINO_COUNTY_CA,1
92331,SAN_BERNARDINO_COUNTY_CA,1
92332,SAN_BERNARDINO_COUNTY_CA,1
92333,SAN_BERNARDINO_COUNTY_CA,1
92334,SAN_BERNARDINO_COUNTY_CA,1
92335,SAN_BERNARDINO_COUNTY_CA,1
92336,SAN_BERNARDINO_COUNTY_CA,1
92337,SAN_BERNARDINO_COUNTY_CA,1
92338,SAN_BERNARDINO_COUNTY_CA,1
92339,SAN_BERNARDINO_COUNTY_CA,1
92340,SAN_BERNARDINO_COUNTY_CA,1
92341,SAN_BERNARDINO_COUNTY_CA,1
92342,SAN_BERNARDINO_COUNTY_CA,1
92344,SAN_BERNARDINO_COUNTY_CA,1
92345,SAN_BERNARDINO_COUNTY_CA,1
92346,SAN_BERNARDINO_COUNTY_CA,1
92347,SAN_BERNARDINO_COUNTY_CA,1
92352,SAN_BERNARDINO_COUNTY_CA,1
92354,SAN_BERNARDINO_COUNTY_CA,1
92356,SAN_BERNARDINO_COUNTY_CA,1
92358,SAN_BERNARDINO_COUNTY_CA,1
92359,SAN_BERNARDINO_COUNTY_CA,1
92363,SAN_BERNARDINO_COUNTY_CA,1
92364,SAN_BERNARDINO_COUNTY_CA,1
92365,SAN_BERNARDINO_COUNTY_CA,1
92366,SAN_BERNARDINO_COUNTY_CA,1
92368,SAN_BERNARDINO_COUNTY_CA,1
92369,SAN_BERNARDINO_COUNTY_CA,1
92371,SAN_BERNARDINO_COUNTY_CA,1
92372,SAN_BERNARDINO_COUNTY_CA,1
92373,RIVERSIDE_COUNTY_CA,0.0092
92373,SAN_BERNARDINO_COUNTY_CA,0.9908
92374,SAN_BERNARDINO_COUNTY_CA,1
92375,SAN_BERNARDINO_COUNTY_CA,1
92376,SAN_BERNARDINO_COUNTY_CA,1
92377,SAN_BERNARDINO_COUNTY_CA,1
92378,SAN_BERNARDINO_COUNTY_CA,1
92382,SAN_BERNARDINO_COUNTY_CA,1
92385,SAN_BERNARDINO_COUNTY_CA,1
92386,SAN_BERNARDINO_COUNTY_CA,1
92389,INYO_COUNTY_CA,1
92391,SAN_BERNARDINO_COUNTY_CA,1
92392,SAN_BERNARDINO_COUNTY_CA,1
92393,SAN_BERNARDINO_COUNTY_CA,1
92394,SAN_BERNARDINO_COUNTY_CA,1
92395,SAN_BERNARDINO_COUNTY_CA,1
92397,LOS_ANGELES_COUNTY_CA,0.0048
92397,SAN_BERNARDINO_COUNTY_CA,0.9952
92398,SAN_BERNARDINO_COUNTY_CA,1
92399,RIVERSIDE_COUNTY_CA,0.0091
92399,SAN_BERNARDINO_COUNTY_CA,0.9909
92401,SAN_BERNARDINO_COUNTY_CA,1
92402,SAN_BERNARDINO_COUNTY_CA,1
92404,SAN_BERNARDINO_COUNTY_CA,1
92405,SAN_BERNARDINO_COUNTY_CA,1
92406,SAN_BERNARDINO_COUNTY_CA,1
92407,SAN_BERNARDINO_COUNTY_CA,1
92408,SAN_BERNARDINO_COUNTY_CA,1
92410,SAN_BERNARDINO_COUNTY_CA,1
92411,SAN_BERNARDINO_COUNTY_CA,1
92413,SAN_BERNARDINO_COUNTY_CA,1
92423,SAN_BERNARDINO_COUNTY_CA,1
92427,SAN_BERNARDINO_COUNTY_CA,1
92501,RIVERSIDE_COUNTY_CA,1
92502,RIVERSIDE_COUNTY_CA,1
92503,RIVERSIDE_COUNTY_CA,1
92504,RIVERSIDE_COUNTY_CA,1
92505,RIVERSIDE_COUNTY_CA,1
92506,RIVERSIDE_COUNTY_CA,1
92507,RIVERSIDE_COUNTY_CA,1
92508,RIVERSIDE_COUNTY_CA,1
92509,RIVERSIDE_COUNTY_CA,0.998
92509,SAN_BERNARDINO_COUNTY_CA,0.002
92513,RIVERSIDE_COUNTY_CA,1
92514,RIVERSIDE_COUNTY_CA,1
92516,RIVERSIDE_COUNTY_CA,1
92517,RIVERSIDE_COUNTY_CA,1
92518,RIVERSIDE_COUNTY_CA,1
92519,RIVERSIDE_COUNTY_CA,1
92530,RIVERSIDE_COUNTY_CA,1
92531,RIVERSIDE_COUNTY_CA,1
92532,RIVERSIDE_COUNTY_CA,1
92536,RIVERSIDE_COUNTY_CA,0.9947
92536,SAN_DIEGO_COUNTY_CA,0.0053
92539,RIVERSIDE_COUNTY_CA,1
92543,RIVERSIDE_COUNTY_CA,1
92544,RIVERSIDE_COUNTY_CA,1
92545,RIVERSIDE_COUNTY_CA,1
92546,RIVERSIDE_COUNTY_CA,1
92548,RIVERSIDE_COUNTY_CA,1
92549,RIVERSIDE_COUNTY_CA,1
92551,RIVERSIDE_COUNTY_CA,1
92552,RIVERSIDE_COUNTY_CA,1
92553,RIVERSIDE_COUNTY_CA,1
92555,RIVERSIDE_COUNTY_CA,1
92556,RIVERSIDE_COUNTY_CA,1
92557,RIVERSIDE_COUNTY_CA,1
92561,RIVERSIDE_COUNTY_CA,1
92562,RIVERSIDE_COUNTY_CA,1
92563,RIVERSIDE_COUNTY_CA,1
92564,RIVERSIDE_COUNTY_CA,1
92567,RIVERSIDE_COUNTY_CA,1
92570,RIVERSIDE_COUNTY_CA,1
92571,RIVERSIDE_COUNTY_CA,1
92572,RIVERSIDE_COUNTY_CA,1
92581,RIVERSIDE_COUNTY_CA,1
92582,RIVERSIDE_COUNTY_CA,1
92583,RIVERSIDE_COUNTY_CA,1
92584,RIVERSIDE_COUNTY_CA,1
92585,RIVERSIDE_COUNTY_CA,1
92586,RIVERSIDE_COUNTY_CA,1
92587,RIVERSIDE_COUNTY_CA,1
92589,RIVERSIDE_COUNTY_CA,1
92590,RIVERSIDE_COUNTY_CA,0.9997
92590,SAN_DIEGO_COUNTY_CA,0.0003
92591,RIVERSIDE_COUNTY_CA,1
92592,RIVERSIDE_COUNTY_CA,1
92593,RIVERSIDE_COUNTY_CA,1
92595,RIVERSIDE_COUNTY_CA,1
92596,RIVERSIDE_COUNTY_CA,1
92602,ORANGE_COUNTY_CA,1
92603,ORANGE_COUNTY_CA,1
92604,ORANGE_COUNTY_CA,1
92605,ORANGE_COUNTY_CA,1
92606,ORANGE_COUNTY_CA,1
92607,ORANGE_COUNTY_CA,1
92609,ORANGE_COUNTY_CA,1
92610,ORANGE_COUNTY_CA,1
92612,ORANGE_COUNTY_CA,1
92614,ORANGE_COUNTY_CA,1
92615,ORANGE_COUNTY_CA,1
92616,ORANGE_COUNTY_CA,1
92617,ORANGE_COUNTY_CA,1
92618,ORANGE_COUNTY_CA,1
92619,ORANGE_COUNTY_CA,1
92620,ORANGE_COUNTY_CA,1
92623,ORANGE_COUNTY_CA,1
92624,ORANGE_COUNTY_CA,1
92625,ORANGE_COUNTY_CA,1
92626,ORANGE_COUNTY_CA,1
92627,ORANGE_COUNTY_CA,1
92628,ORANGE_COUNTY_CA,1
92629,ORANGE_COUNTY_CA,1
92630,ORANGE_COUNTY_CA,1
92637,ORANGE_COUNTY_CA,1
92646,ORANGE_COUNTY_CA,1
92647,ORANGE_COUNTY_CA,1
92648,ORANGE_COUNTY_CA,1
92649,ORANGE_COUNTY_CA,1
92650,ORANGE_COUNTY_CA,1
92651,ORANGE_COUNTY_CA,1
92652,ORANGE_COUNTY_CA,1
92653,ORANGE_COUNTY_CA,1
92654,ORANGE_COUNTY_CA,1
92655,ORANGE_COUNTY_CA,1
92656,ORANGE_COUNTY_CA,1
92657,ORANGE_COUNTY_CA,1
92658,ORANGE_COUNTY_CA,1
92659,ORANGE_COUNTY_CA,1
92660,ORANGE_COUNTY_CA,1
92661,ORANGE_COUNTY_CA,1
92662,ORANGE_COUNTY_CA,1
92663,ORANGE_COUNTY_CA,1
92672,ORANGE_COUNTY_CA,0.9307
92672,SAN_DIEGO_COUNTY_CA,0.0693
92673,ORANGE_COUNTY_CA,1
92674,ORANGE_COUNTY_CA,1
92675,ORANGE_COUNTY_CA,1
92676,ORANGE_COUNTY_CA,1
92677,ORANGE_COUNTY_CA,1
92678,ORANGE_COUNTY_CA,1
92679,ORANGE_COUNTY_CA,1
92683,ORANGE_COUNTY_CA,1
92684,ORANGE_COUNTY_CA,1
92685,ORANGE_COUNTY_CA,1
92688,ORANGE_COUNTY_CA,1
92690,ORANGE_COUNTY_CA,1
92691,ORANGE_COUNTY_CA,1
92692,ORANGE_COUNTY_CA,1
92693,ORANGE_COUNTY_CA,1
92694,ORANGE_COUNTY_CA,1
92701,ORANGE_COUNTY_CA,1
92702,ORANGE_COUNTY_CA,1
92703,ORANGE_COUNTY_CA,1
92704,ORANGE_COUNTY_CA,1
92705,ORANGE_COUNTY_CA,1
92706,ORANGE_COUNTY_CA,1
92707,ORANGE_COUNTY_CA,1
92708,ORANGE_COUNTY_CA,1
92711,ORANGE_COUNTY_CA,1
92728,ORANGE_COUNTY_CA,1
92735,ORANGE_COUNTY_CA,1
92780,ORANGE_COUNTY_CA,1
92781,ORANGE_COUNTY_CA,1
92782,ORANGE_COUNTY_CA,1
92799,ORANGE_COUNTY_CA,1
92801,ORANGE_COUNTY_CA,1
92802,ORANGE_COUNTY_CA,1
92803,ORANGE_COUNTY_CA,1
92804,ORANGE_COUNTY_CA,1
92805,ORANGE_COUNTY_CA,1
92806,ORANGE_COUNTY_CA,1
92807,ORANGE_COUNTY_CA,1
92808,ORANGE_COUNTY_CA,1
92809,ORANGE_COUNTY_CA,1
92811,ORANGE_COUNTY_CA,1
92812,ORANGE_COUNTY_CA,1
92814,ORANGE_COUNTY_CA,1
92815,ORANGE_COUNTY_CA,1
92816,ORANGE_COUNTY_CA,1
92817,ORANGE_COUNTY_CA,1
92821,ORANGE_COUNTY_CA,1
92822,ORANGE_COUNTY_CA,1
92823,ORANGE_COUNTY_CA,1
92831,ORANGE_COUNTY_CA,1
92832,ORANGE_COUNTY_CA,1
92833,ORANGE_COUNTY_CA,1
92834,ORANGE_COUNTY_CA,1
92835,ORANGE_COUNTY_CA,1
92836,ORANGE_COUNTY_CA,1
92837,ORANGE_COUNTY_CA,1
92838,ORANGE_COUNTY_CA,1
92840,ORANGE_COUNTY_CA,1
92841,ORANGE_COUNTY_CA,1
92842,ORANGE_COUNTY_CA,1
92843,ORANGE_COUNTY_CA,1
92844,ORANGE_COUNTY_CA,1
92845,ORANGE_COUNTY_CA,1
92846,ORANGE_COUNTY_CA,1
92856,ORANGE_COUNTY_CA,1
92857,ORANGE_COUNTY_CA,1
92859,ORANGE_COUNTY_CA,1
92860,RIVERSIDE_COUNTY_CA,1
92861,ORANGE_COUNTY_CA,1
92863,ORANGE_COUNTY_CA,1
92865,ORANGE_COUNTY_CA,1
92866,ORANGE_COUNTY_CA,1
92867,ORANGE_COUNTY_CA,1
92868,ORANGE_COUNTY_CA,1
92869,ORANGE_COUNTY_CA,1
92870,ORANGE_COUNTY_CA,1
92871,ORANGE_COUNTY_CA,1
92877,RIVERSIDE_COUNTY_CA,1
92878,RIVERSIDE_COUNTY_CA,1
92879,RIVERSIDE_COUNTY_CA,1
92880,RIVERSIDE_COUNTY_CA,0.9977
92880,SAN_BERNARDINO_COUNTY_CA,0.0023
92881,RIVERSIDE_COUNTY_CA,1
92882,RIVERSIDE_COUNTY_CA,1
92883,RIVERSIDE_COUNTY_CA,1
92885,ORANGE_COUNTY_CA,1
92886,ORANGE_COUNTY_CA,1
92887,ORANGE_COUNTY_CA,1
93001,VENTURA_COUNTY_CA,1
93002,VENTURA_COUNTY_CA,1
93003,VENTURA_COUNTY_CA,1
93004,VENTURA_COUNTY_CA,1
93005,VENTURA_COUNTY_CA,1
93006,VENTURA_COUNTY_CA,1
93007,VENTURA_COUNTY_CA,1
93010,VENTURA_COUNTY_CA,1
93011,VENTURA_COUNTY_CA,1
93012,VENTURA_COUNTY_CA,1
93013,SANTA_BARBARA_COUNTY_CA,0.9928
93013,VENTURA_COUNTY_CA,0.0072
93014,SANTA_BARBARA_COUNTY_CA,1
93015,VENTURA_COUNTY_CA,1
93016,VENTURA_COUNTY_CA,1
93020,VENTURA_COUNTY_CA,1
93021,VENTURA_COUNTY_CA,1
93022,VENTURA_COUNTY_CA,1
93023,VENTURA_COUNTY_CA,1
93024,VENTURA_COUNTY_CA,1
93030,VENTURA_COUNTY_CA,1
93031,VENTURA_COUNTY_CA,1
93032,VENTURA_COUNTY_CA,1
93033,VENTURA_COUNTY_CA,1
93034,VENTURA_COUNTY_CA,1
93035,VENTURA_COUNTY_CA,1
93036,VENTURA_COUNTY_CA,1
93040,VENTURA_COUNTY_CA,1
93041,VENTURA_COUNTY_CA,1
93044,VENTURA_COUNTY_CA,1
93060,VENTURA_COUNTY_CA,1
93061,VENTURA_COUNTY_CA,1
93062,VENTURA_COUNTY_CA,1
93063,LOS_ANGELES_COUNTY_CA,0.0001
93063,VENTURA_COUNTY_CA,0.9999
93065,VENTURA_COUNTY_CA,1
93066,VENTURA_COUNTY_CA,1
93067,SANTA_BARBARA_COUNTY_CA,1
93094,VENTURA_COUNTY_CA,1
93101,SANTA_BARBARA_COUNTY_CA,1
93102,SANTA_BARBARA_COUNTY_CA,1
93103,SANTA_BARBARA_COUNTY_CA,1
93105,SANTA_BARBARA_COUNTY_CA,1
93106,SANTA_BARBARA_COUNTY_CA,1
93108,SANTA_BARBARA_COUNTY_CA,1
93109,SANTA_BARBARA_COUNTY_CA,1
93110,SANTA_BARBARA_COUNTY_CA,1
93111,SANTA_BARBARA_COUNTY_CA,1
93116,SANTA_BARBARA_COUNTY_CA,1
93117,SANTA_BARBARA_COUNTY_CA,1
93118,SANTA_BARBARA_COUNTY_CA,1
93120,SANTA_BARBARA_COUNTY_CA,1
93121,SANTA_BARBARA_COUNTY_CA,1
93130,SANTA_BARBARA_COUNTY_CA,1
93140,SANTA_BARBARA_COUNTY_CA,1
93150,SANTA_BARBARA_COUNTY_CA,1
93160,SANTA_BARBARA_COUNTY_CA,1
93190,SANTA_BARBARA_COUNTY_CA,1
93201,TULARE_COUNTY_CA,1
93202,KINGS_COUNTY_CA,1
93203,KERN_COUNTY_CA,1
93204,KERN_COUNTY_CA,0.0004
93204,KINGS_COUNTY_CA,0.9996
93205,KERN_COUNTY_CA,1
93206,KERN_COUNTY_CA,1
93207,TULARE_COUNTY_CA,1
93210,FRESNO_COUNTY_CA,0.9995
93210,MONTEREY_COUNTY_CA,0.0005
93212,KINGS_COUNTY_CA,0.9911
93212,TULARE_COUNTY_CA,0.0089
93215,KERN_COUNTY_CA,0.9649
93215,TULARE_COUNTY_CA,0.0351
93218,TULARE_COUNTY_CA,1
93219,KERN_COUNTY_CA,0.0011
93219,TULARE_COUNTY_CA,0.9989
93220,KERN_COUNTY_CA,1
93221,TULARE_COUNTY_CA,1
93222,KERN_COUNTY_CA,1
93223,TULARE_COUNTY_CA,1
93224,KERN_COUNTY_CA,1
93225,KERN_COUNTY_CA,0.8962
93225,VENTURA_COUNTY_CA,0.1038
93226,KERN_COUNTY_CA,1
93227,TULARE_COUNTY_CA,1
93230,KINGS_COUNTY_CA,0.9998
93230,TULARE_COUNTY_CA,0.0002
93232,KINGS_COUNTY_CA,1
93234,FRESNO_COUNTY_CA,1
93235,TULARE_COUNTY_CA,1
93238,KERN_COUNTY_CA,1
93239,KINGS_COUNTY_CA,1
93240,KERN_COUNTY_CA,1
93241,KERN_COUNTY_CA,1
93242,FRESNO_COUNTY_CA,0.8715
93242,KINGS_COUNTY_CA,0.1285
93243,KERN_COUNTY_CA,0.9847
93243,LOS_ANGELES_COUNTY_CA,0.0153
93244,TULARE_COUNTY_CA,1
93245,KINGS_COUNTY_CA,1
93247,TULARE_COUNTY_CA,1
93249,KERN_COUNTY_CA,1
93250,KERN_COUNTY_CA,1
93251,KERN_COUNTY_CA,1
93252,KERN_COUNTY_CA,0.7163
93252,SANTA_BARBARA_COUNTY_CA,0.1559
93252,SAN_LUIS_OBISPO_COUNTY_CA,0.0123
93252,VENTURA_COUNTY_CA,0.1156
93254,SANTA_BARBARA_COUNTY_CA,1
93255,KERN_COUNTY_CA,1
93256,TULARE_COUNTY_CA,1
93257,TULARE_COUNTY_CA,1
93258,TULARE_COUNTY_CA,1
93260,TULARE_COUNTY_CA,1
93262,TULARE_COUNTY_CA,1
93263,KERN_COUNTY_CA,1
93265,TULARE_COUNTY_CA,1
93266,KINGS_COUNTY_CA,1
93267,TULARE_COUNTY_CA,1
93268,KERN_COUNTY_CA,1
93270,TULARE_COUNTY_CA,1
93271,TULARE_COUNTY_CA,1
93272,TULARE_COUNTY_CA,1
93274,KINGS_COUNTY_CA,0.0005
93274,TULARE_COUNTY_CA,0.9995
93275,TULARE_COUNTY_CA,1
93277,TULARE_COUNTY_CA,1
93278,TULARE_COUNTY_CA,1
93279,TULARE_COUNTY_CA,1
93280,KERN_COUNTY_CA,1
93283,KERN_COUNTY_CA,1
93285,KERN_COUNTY_CA,1
93286,TULARE_COUNTY_CA,1
93287,KERN_COUNTY_CA,1
93290,TULARE_COUNTY_CA,1
93291,TULARE_COUNTY_CA,1
93292,TULARE_COUNTY_CA,1
93301,KERN_COUNTY_CA,1
93302,KERN_COUNTY_CA,1
93303,KERN_COUNTY_CA,1
93304,KERN_COUNTY_CA,1
93305,KERN_COUNTY_CA,1
93306,KERN_COUNTY_CA,1
93307,KERN_COUNTY_CA,1
93308,KERN_COUNTY_CA,1
93309,KERN_COUNTY_CA,1
93311,KERN_COUNTY_CA,1
93312,KERN_COUNTY_CA,1
93313,KERN_COUNTY_CA,1
93314,KERN_COUNTY_CA,1
93380,KERN_COUNTY_CA,1
93384,KERN_COUNTY_CA,1
93385,KERN_COUNTY_CA,1
93386,KERN_COUNTY_CA,1
93387,KERN_COUNTY_CA,1
93388,KERN_COUNTY_CA,1
93389,KERN_COUNTY_CA,1
93390,KERN_COUNTY_CA,1
93401,SAN_LUIS_OBISPO_COUNTY_CA,1
93402,SAN_LUIS_OBISPO_COUNTY_CA,1
93403,SAN_LUIS_OBISPO_COUNTY_CA,1
93405,SAN_LUIS_OBISPO_COUNTY_CA,1
93406,SAN_LUIS_OBISPO_COUNTY_CA,1
93412,SAN_LUIS_OBISPO_COUNTY_CA,1
93420,SAN_LUIS_OBISPO_COUNTY_CA,1
93421,SAN_LUIS_OBISPO_COUNTY_CA,1
93422,SAN_LUIS_OBISPO_COUNTY_CA,1
93423,SAN_LUIS_OBISPO_COUNTY_CA,1
93424,SAN_LUIS_OBISPO_COUNTY_CA,1
93426,MONTEREY_COUNTY_CA,0.4232
93426,SAN_LUIS_OBISPO_COUNTY_CA,0.5768
93427,SANTA_BARBARA_COUNTY_CA,1
93428,SAN_LUIS_OBISPO_COUNTY_CA,1
93430,SAN_LUIS_OBISPO_COUNTY_CA,1
93432,SAN_LUIS_OBISPO_COUNTY_CA,1
93433,SAN_LUIS_OBISPO_COUNTY_CA,1
93434,SANTA_BARBARA_COUNTY_CA,1
93435,SAN_LUIS_OBISPO_COUNTY_CA,1
93436,SANTA_BARBARA_COUNTY_CA,1
93437,SANTA_BARBARA_COUNTY_CA,1
93438,SANTA_BARBARA_COUNTY_CA,1
93440,SANTA_BARBARA_COUNTY_CA,1
93441,SANTA_BARBARA_COUNTY_CA,1
93442,SAN_LUIS_OBISPO_COUNTY_CA,1
93443,SAN_LUIS_OBISPO_COUNTY_CA,1
93444,SAN_LUIS_OBISPO_COUNTY_CA,1
93445,SAN_LUIS_OBISPO_COUNTY_CA,1
93446,SAN_LUIS_OBISPO_COUNTY_CA,1
93447,SAN_LUIS_OBISPO_COUNTY_CA,1
93448,SAN_LUIS_OBISPO_COUNTY_CA,1
93449,SAN_LUIS_OBISPO_COUNTY_CA,1
93450,MONTEREY_COUNTY_CA,1
93451,MONTEREY_COUNTY_CA,0.1727
93451,SAN_LUIS_OBISPO_COUNTY_CA,0.8273
93452,SAN_LUIS_OBISPO_COUNTY_CA,1
93453,SAN_LUIS_OBISPO_COUNTY_CA,1
93454,SANTA_BARBARA_COUNTY_CA,0.9894
93454,SAN_LUIS_OBISPO_COUNTY_CA,0.0106
93455,SANTA_BARBARA_COUNTY_CA,1
93456,SANTA_BARBARA_COUNTY_CA,1
93457,SANTA_BARBARA_COUNTY_CA,1
93458,SANTA_BARBARA_COUNTY_CA,0.9986
93458,SAN_LUIS_OBISPO_COUNTY_CA,0.0014
93460,SANTA_BARBARA_COUNTY_CA,1
93461,KERN_COUNTY_CA,0.0029
93461,SAN_LUIS_OBISPO_COUNTY_CA,0.9971
93463,SANTA_BARBARA_COUNTY_CA,1
93464,SANTA_BARBARA_COUNTY_CA,1
93465,SAN_LUIS_OBISPO_COUNTY_CA,1
93475,SAN_LUIS_OBISPO_COUNTY_CA,1
93483,SAN_LUIS_OBISPO_COUNTY_CA,1
93501,KERN_COUNTY_CA,1
93502,KERN_COUNTY_CA,1
93504,KERN_COUNTY_CA,1
93505,KERN_COUNTY_CA,1
93510,LOS_ANGELES_COUNTY_CA,1
93512,MONO_COUNTY_CA,1
93513,INYO_COUNTY_CA,1
93514,INYO_COUNTY_CA,0.8981
93514,MONO_COUNTY_CA,0.1019
93515,INYO_COUNTY_CA,1
93516,KERN_COUNTY_CA,0.985
93516,SAN_BERNARDINO_COUNTY_CA,0.015
93517,MONO_COUNTY_CA,1
93518,KERN_COUNTY_CA,1
93523,KERN_COUNTY_CA,1
93526,INYO_COUNTY_CA,1
93527,INYO_COUNTY_CA,0.0264
93527,KERN_COUNTY_CA,0.7881
93527,TULARE_COUNTY_CA,0.1855
93529,MONO_COUNTY_CA,1
93530,INYO_COUNTY_CA,1
93531,KERN_COUNTY_CA,1
93532,LOS_ANGELES_COUNTY_CA,1
93534,LOS_ANGELES_COUNTY_CA,1
93535,LOS_ANGELES_COUNTY_CA,1
93536,KERN_COUNTY_CA,0.0012
93536,LOS_ANGELES_COUNTY_CA,0.9988
93539,LOS_ANGELES_COUNTY_CA,1
93541,MONO_COUNTY_CA,1
93543,LOS_ANGELES_COUNTY_CA,1
93544,LOS_ANGELES_COUNTY_CA,1
93545,INYO_COUNTY_CA,1
93546,INYO_COUNTY_CA,0.0003
93546,MONO_COUNTY_CA,0.9997
93549,INYO_COUNTY_CA,1
93550,LOS_ANGELES_COUNTY_CA,1
93551,LOS_ANGELES_COUNTY_CA,1
93552,LOS_ANGELES_COUNTY_CA,1
93553,LOS_ANGELES_COUNTY_CA,1
93555,KERN_COUNTY_CA,0.9904
93555,SAN_BERNARDINO_COUNTY_CA,0.0096
93556,KERN_COUNTY_CA,1
93560,KERN_COUNTY_CA,0.9982
93560,LOS_ANGELES_COUNTY_CA,0.0018
93561,KERN_COUNTY_CA,1
93562,SAN_BERNARDINO_COUNTY_CA,1
93563,LOS_ANGELES_COUNTY_CA,1
93581,KERN_COUNTY_CA,1
93584,LOS_ANGELES_COUNTY_CA,1
93590,LOS_ANGELES_COUNTY_CA,1
93591,LOS_ANGELES_COUNTY_CA,1
93592,SAN_BERNARDINO_COUNTY_CA,1
93601,MADERA_COUNTY_CA,0.9738
93601,MARIPOSA_COUNTY_CA,0.0262
93602,FRESNO_COUNTY_CA,0.9962
93602,MADERA_COUNTY_CA,0.0038
93603,FRESNO_COUNTY_CA,0.0465
93603,TULARE_COUNTY_CA,0.9535
93604,MADERA_COUNTY_CA,1
93605,FRESNO_COUNTY_CA,1
93606,FRESNO_COUNTY_CA,1
93608,FRESNO_COUNTY_CA,1
93609,FRESNO_COUNTY_CA,1
93610,MADERA_COUNTY_CA,0.99
93610,MERCED_COUNTY_CA,0.01
93611,FRESNO_COUNTY_CA,1
93612,FRESNO_COUNTY_CA,1
93613,FRESNO_COUNTY_CA,1
93614,MADERA_COUNTY_CA,1
93615,TULARE_COUNTY_CA,1
93616,FRESNO_COUNTY_CA,1
93618,FRESNO_COUNTY_CA,0.0101
93618,TULARE_COUNTY_CA,0.9899
93619,FRESNO_COUNTY_CA,1
93620,FRESNO_COUNTY_CA,0.0613
93620,MADERA_COUNTY_CA,0.0019
93620,MERCED_COUNTY_CA,0.9368
93621,FRESNO_COUNTY_CA,1
93622,FRESNO_COUNTY_CA,0.9498
93622,MADERA_COUNTY_CA,0.0456
93622,MERCED_COUNTY_CA,0.0047
93623,MARIPOSA_COUNTY_CA,1
93624,FRESNO_COUNTY_CA,1
93625,FRESNO_COUNTY_CA,1
93626,FRESNO_COUNTY_CA,0.7803
93626,MADERA_COUNTY_CA,0.2197
93627,FRESNO_COUNTY_CA,1
93628,FRESNO_COUNTY_CA,1
93630,FRESNO_COUNTY_CA,0.9997
93630,MADERA_COUNTY_CA,0.0003
93631,FRESNO_COUNTY_CA,0.8351
93631,KINGS_COUNTY_CA,0.0381
93631,TULARE_COUNTY_CA,0.1267
93633,TULARE_COUNTY_CA,1
93635,MERCED_COUNTY_CA,1
93636,MADERA_COUNTY_CA,1
93637,MADERA_COUNTY_CA,1
93638,MADERA_COUNTY_CA,1
93639,MADERA_COUNTY_CA,1
93640,FRESNO_COUNTY_CA,1
93641,FRESNO_COUNTY_CA,0.9962
93641,TULARE_COUNTY_CA,0.0038
93643,MADERA_COUNTY_CA,1
93644,MADERA_COUNTY_CA,1
93645,MADERA_COUNTY_CA,1
93646,FRESNO_COUNTY_CA,0.9625
93646,TULARE_COUNTY_CA,0.0375
93647,FRESNO_COUNTY_CA,0.002
93647,TULARE_COUNTY_CA,0.998
93648,FRESNO_COUNTY_CA,1
93650,FRESNO_COUNTY_CA,1
93651,FRESNO_COUNTY_CA,1
93652,FRESNO_COUNTY_CA,1
93653,MADERA_COUNTY_CA,0.9062
93653,MARIPOSA_COUNTY_CA,0.0938
93654,FRESNO_COUNTY_CA,0.9784
93654,TULARE_COUNTY_CA,0.0216
93656,FRESNO_COUNTY_CA,0.9388
93656,KINGS_COUNTY_CA,0.0612
93657,FRESNO_COUNTY_CA,1
93660,FRESNO_COUNTY_CA,1
93662,FRESNO_COUNTY_CA,1
93664,FRESNO_COUNTY_CA,1
93666,TULARE_COUNTY_CA,1
93667,FRESNO_COUNTY_CA,1
93668,FRESNO_COUNTY_CA,1
93669,MADERA_COUNTY_CA,1
93673,TULARE_COUNTY_CA,1
93675,FRESNO_COUNTY_CA,0.9994
93675,TULARE_COUNTY_CA,0.0006
93701,FRESNO_COUNTY_CA,1
93702,FRESNO_COUNTY_CA,1
93703,FRESNO_COUNTY_CA,1
93704,FRESNO_COUNTY_CA,1
93705,FRESNO_COUNTY_CA,1
93706,FRESNO_COUNTY_CA,1
93707,FRESNO_COUNTY_CA,1
93708,FRESNO_COUNTY_CA,1
93709,FRESNO_COUNTY_CA,1
93710,FRESNO_COUNTY_CA,1
93711,FRESNO_COUNTY_CA,1
93712,FRESNO_COUNTY_CA,1
93714,FRESNO_COUNTY_CA,1
93715,FRESNO_COUNTY_CA,1
93716,FRESNO_COUNTY_CA,1
93717,FRESNO_COUNTY_CA,1
93718,FRESNO_COUNTY_CA,1
93720,FRESNO_COUNTY_CA,1
93721,FRESNO_COUNTY_CA,1
93722,FRESNO_COUNTY_CA,1
93723,FRESNO_COUNTY_CA,1
93725,FRESNO_COUNTY_CA,1
93726,FRESNO_COUNTY_CA,1
93727,FRESNO_COUNTY_CA,1
93728,FRESNO_COUNTY_CA,1
93729,FRESNO_COUNTY_CA,1
93730,FRESNO_COUNTY_CA,1
93737,FRESNO_COUNTY_CA,1
93744,FRESNO_COUNTY_CA,1
93745,FRESNO_COUNTY_CA,1
93747,FRESNO_COUNTY_CA,1
93755,FRESNO_COUNTY_CA,1
93771,FRESNO_COUNTY_CA,1
93772,FRESNO_COUNTY_CA,1
93773,FRESNO_COUNTY_CA,1
93774,FRESNO_COUNTY_CA,1
93775,FRESNO_COUNTY_CA,1
93776,FRESNO_COUNTY_CA,1
93777,FRESNO_COUNTY_CA,1
93778,FRESNO_COUNTY_CA,1
93779,FRESNO_COUNTY_CA,1
93790,FRESNO_COUNTY_CA,1
93791,FRESNO_COUNTY_CA,1
93792,FRESNO_COUNTY_CA,1
93793,FRESNO_COUNTY_CA,1
93794,FRESNO_COUNTY_CA,1
93901,MONTEREY_COUNTY_CA,1
93902,MONTEREY_COUNTY_CA,1
93905,MONTEREY_COUNTY_CA,1
93906,MONTEREY_COUNTY_CA,1
93907,MONTEREY_COUNTY_CA,1
93908,MONTEREY_COUNTY_CA,1
93912,MONTEREY_COUNTY_CA,1
93915,MONTEREY_COUNTY_CA,1
93920,MONTEREY_COUNTY_CA,1
93921,MONTEREY_COUNTY_CA,1
93922,MONTEREY_COUNTY_CA,1
93923,MONTEREY_COUNTY_CA,1
93924,MONTEREY_COUNTY_CA,1
93925,MONTEREY_COUNTY_CA,0.997
93925,SAN_BENITO_COUNTY_CA,0.003
93926,MONTEREY_COUNTY_CA,1
93927,MONTEREY_COUNTY_CA,1
93930,MONTEREY_COUNTY_CA,1
93932,MONTEREY_COUNTY_CA,1
93933,MONTEREY_COUNTY_CA,1
93940,MONTEREY_COUNTY_CA,1
93942,MONTEREY_COUNTY_CA,1
93943,MONTEREY_COUNTY_CA,1
93944,MONTEREY_COUNTY_CA,1
93950,MONTEREY_COUNTY_CA,1
93953,MONTEREY_COUNTY_CA,1
93954,MONTEREY_COUNTY_CA,1
93955,MONTEREY_COUNTY_CA,1
93960,MONTEREY_COUNTY_CA,1
93962,MONTEREY_COUNTY_CA,1
94002,SAN_MATEO_COUNTY_CA,1
94005,SAN_MATEO_COUNTY_CA,1
94010,SAN_MATEO_COUNTY_CA,1
94011,SAN_MATEO_COUNTY_CA,1
94014,SAN_FRANCISCO_COUNTY_CA,0.001
94014,SAN_MATEO_COUNTY_CA,0.999
94015,SAN_MATEO_COUNTY_CA,1
94017,SAN_MATEO_COUNTY_CA,1
94018,SAN_MATEO_COUNTY_CA,1
94019,SAN_MATEO_COUNTY_CA,1
94020,SANTA_CLARA_COUNTY_CA,0.0104
94020,SAN_MATEO_COUNTY_CA,0.9896
94021,SAN_MATEO_COUNTY_CA,1
94022,SANTA_CLARA_COUNTY_CA,1
94023,SANTA_CLARA_COUNTY_CA,1
94024,SANTA_CLARA_COUNTY_CA,1
94025,SAN_MATEO_COUNTY_CA,1
94026,SAN_MATEO_COUNTY_CA,1
94027,SAN_MATEO_COUNTY_CA,1
94028,SANTA_CLARA_COUNTY_CA,0.0194
94028,SAN_MATEO_COUNTY_CA,0.9806
94030,SAN_MATEO_COUNTY_CA,1
94035,SANTA_CLARA_COUNTY_CA,1
94037,SAN_MATEO_COUNTY_CA,1
94038,SAN_MATEO_COUNTY_CA,1
94039,SANTA_CLARA_COUNTY_CA,1
94040,SANTA_CLARA_COUNTY_CA,1
94041,SANTA_CLARA_COUNTY_CA,1
94042,SANTA_CLARA_COUNTY_CA,1
94043,SANTA_CLARA_COUNTY_CA,1
94044,SAN_MATEO_COUNTY_CA,1
94060,SANTA_CRUZ_COUNTY_CA,0.0317
94060,SAN_MATEO_COUNTY_CA,0.9683
94061,SAN_MATEO_COUNTY_CA,1
94062,SAN_MATEO_COUNTY_CA,1
94063,SAN_MATEO_COUNTY_CA,1
94064,SAN_MATEO_COUNTY_CA,1
94065,SAN_MATEO_COUNTY_CA,1
94066,SAN_MATEO_COUNTY_CA,1
94070,SAN_MATEO_COUNTY_CA,1
94074,SAN_MATEO_COUNTY_CA,1
94080,SAN_MATEO_COUNTY_CA,1
94083,SAN_MATEO_COUNTY_CA,1
94085,SANTA_CLARA_COUNTY_CA,1
94086,SANTA_CLARA_COUNTY_CA,1
94087,SANTA_CLARA_COUNTY_CA,1
94088,SANTA_CLARA_COUNTY_CA,1
94089,SANTA_CLARA_COUNTY_CA,1
94102,SAN_FRANCISCO_COUNTY_CA,1
94103,SAN_FRANCISCO_COUNTY_CA,1
94104,SAN_FRANCISCO_COUNTY_CA,1
94105,SAN_FRANCISCO_COUNTY_CA,1
94107,SAN_FRANCISCO_COUNTY_CA,1
94108,SAN_FRANCISCO_COUNTY_CA,1
94109,SAN_FRANCISCO_COUNTY_CA,1
94110,SAN_FRANCISCO_COUNTY_CA,1
94111,SAN_FRANCISCO_COUNTY_CA,1
94112,SAN_FRANCISCO_COUNTY_CA,1
94114,SAN_FRANCISCO_COUNTY_CA,1
94115,SAN_FRANCISCO_COUNTY_CA,1
94116,SAN_FRANCISCO_COUNTY_CA,1
94117,SAN_FRANCISCO_COUNTY_CA,1
94118,SAN_FRANCISCO_COUNTY_CA,1
94119,SAN_FRANCISCO_COUNTY_CA,1
94121,SAN_FRANCISCO_COUNTY_CA,1
94122,SAN_FRANCISCO_COUNTY_CA,1
94123,SAN_FRANCISCO_COUNTY_CA,1
94124,SAN_FRANCISCO_COUNTY_CA,1
94125,SAN_MATEO_COUNTY_CA,1
94126,SAN_FRANCISCO_COUNTY_CA,1
94127,SAN_FRANCISCO_COUNTY_CA,1
94128,SAN_MATEO_COUNTY_CA,1
94129,SAN_FRANCISCO_COUNTY_CA,1
94130,SAN_FRANCISCO_COUNTY_CA,1
94131,SAN_FRANCISCO_COUNTY_CA,1
94132,SAN_FRANCISCO_COUNTY_CA,1
94133,SAN_FRANCISCO_COUNTY_CA,1
94134,SAN_FRANCISCO_COUNTY_CA,0.9961
94134,SAN_MATEO_COUNTY_CA,0.0039
94140,SAN_FRANCISCO_COUNTY_CA,1
94141,SAN_FRANCISCO_COUNTY_CA,1
94146,SAN_FRANCISCO_COUNTY_CA,1
94147,SAN_FRANCISCO_COUNTY_CA,1
94158,SAN_FRANCISCO_COUNTY_CA,1
94159,SAN_FRANCISCO_COUNTY_CA,1
94164,SAN_FRANCISCO_COUNTY_CA,1
94188,SAN_FRANCISCO_COUNTY_CA,1
94301,SANTA_CLARA_COUNTY_CA,1
94302,SANTA_CLARA_COUNTY_CA,1
94303,SANTA_CLARA_COUNTY_CA,0.4909
94303,SAN_MATEO_COUNTY_CA,0.5091
94304,SANTA_CLARA_COUNTY_CA,1
94305,SANTA_CLARA_COUNTY_CA,1
94306,SANTA_CLARA_COUNTY_CA,1
94309,SANTA_CLARA_COUNTY_CA,1
94401,SAN_MATEO_COUNTY_CA,1
94402,SAN_MATEO_COUNTY_CA,1
94403,SAN_MATEO_COUNTY_CA,1
94404,SAN_MATEO_COUNTY_CA,1
94501,ALAMEDA_COUNTY_CA,1
94502,ALAMEDA_COUNTY_CA,1
94503,NAPA_COUNTY_CA,0.9957
94503,SOLANO_COUNTY_CA,0.0043
94505,ALAMEDA_COUNTY_CA,0.0091
94505,CONTRA_COSTA_COUNTY_CA,0.9909
94506,CONTRA_COSTA_COUNTY_CA,1
94507,CONTRA_COSTA_COUNTY_CA,1
94508,NAPA_COUNTY_CA,1
94509,CONTRA_COSTA_COUNTY_CA,1
94510,SOLANO_COUNTY_CA,1
94511,CONTRA_COSTA_COUNTY_CA,1
94512,SOLANO_COUNTY_CA,1
94513,CONTRA_COSTA_COUNTY_CA,1
94514,ALAMEDA_COUNTY_CA,0.0613
94514,CONTRA_COSTA_COUNTY_CA,0.9387
94515,NAPA_COUNTY_CA,0.9117
94515,SONOMA_COUNTY_CA,0.0883
94517,CONTRA_COSTA_COUNTY_CA,1
94518,CONTRA_COSTA_COUNTY_CA,1
94519,CONTRA_COSTA_COUNTY_CA,1
94520,CONTRA_COSTA_COUNTY_CA,1
94521,CONTRA_COSTA_COUNTY_CA,1
94522,CONTRA_COSTA_COUNTY_CA,1
94523,CONTRA_COSTA_COUNTY_CA,1
94524,CONTRA_COSTA_COUNTY_CA,1
94525,CONTRA_COSTA_COUNTY_CA,1
94526,CONTRA_COSTA_COUNTY_CA,1
94528,CONTRA_COSTA_COUNTY_CA,1
94530,CONTRA_COSTA_COUNTY_CA,1
94531,CONTRA_COSTA_COUNTY_CA,1
94533,SOLANO_COUNTY_CA,1
94534,NAPA_COUNTY_CA,0.0001
94534,SOLANO_COUNTY_CA,0.9999
94535,SOLANO_COUNTY_CA,1
94536,ALAMEDA_COUNTY_CA,1
94537,ALAMEDA_COUNTY_CA,1
94538,ALAMEDA_COUNTY_CA,1
94539,ALAMEDA_COUNTY_CA,1
94540,ALAMEDA_COUNTY_CA,1
94541,ALAMEDA_COUNTY_CA,1
94542,ALAMEDA_COUNTY_CA,1
94543,ALAMEDA_COUNTY_CA,1
94544,ALAMEDA_COUNTY_CA,1
94545,ALAMEDA_COUNTY_CA,1
94546,ALAMEDA_COUNTY_CA,1
94547,CONTRA_COSTA_COUNTY_CA,1
94548,CONTRA_COSTA_COUNTY_CA,1
94549,CONTRA_COSTA_COUNTY_CA,1
94550,ALAMEDA_COUNTY_CA,0.9955
94550,SANTA_CLARA_COUNTY_CA,0.0038
94550,STANISLAUS_COUNTY_CA,0.0007
94551,ALAMEDA_COUNTY_CA,0.994
94551,CONTRA_COSTA_COUNTY_CA,0.006
94552,ALAMEDA_COUNTY_CA,1
94553,CONTRA_COSTA_COUNTY_CA,1
94555,ALAMEDA_COUNTY_CA,1
94556,CONTRA_COSTA_COUNTY_CA,1
94557,ALAMEDA_COUNTY_CA,1
94558,NAPA_COUNTY_CA,0.9995
94558,SOLANO_COUNTY_CA,0.0005
94559,NAPA_COUNTY_CA,1
94560,ALAMEDA_COUNTY_CA,1
94561,CONTRA_COSTA_COUNTY_CA,1
94563,ALAMEDA_COUNTY_CA,0.0002
94563,CONTRA_COSTA_COUNTY_CA,0.9998
94564,CONTRA_COSTA_COUNTY_CA,1
94565,CONTRA_COSTA_COUNTY_CA,1
94566,ALAMEDA_COUNTY_CA,1
94567,NAPA_COUNTY_CA,1
94568,ALAMEDA_COUNTY_CA,0.9997
94568,CONTRA_COSTA_COUNTY_CA,0.0003
94569,CONTRA_COSTA_COUNTY_CA,1
94570,CONTRA_COSTA_COUNTY_CA,1
94571,SACRAMENTO_COUNTY_CA,0.0175
94571,SOLANO_COUNTY_CA,0.9825
94572,CONTRA_COSTA_COUNTY_CA,1
94573,NAPA_COUNTY_CA,1
94574,NAPA_COUNTY_CA,0.998
94574,SONOMA_COUNTY_CA,0.002
94576,NAPA_COUNTY_CA,1
94577,ALAMEDA_COUNTY_CA,1
94578,ALAMEDA_COUNTY_CA,1
94579,ALAMEDA_COUNTY_CA,1
94580,ALAMEDA_COUNTY_CA,1
94581,NAPA_COUNTY_CA,1
94582,CONTRA_COSTA_COUNTY_CA,1
94583,CONTRA_COSTA_COUNTY_CA,1
94585,SOLANO_COUNTY_CA,1
94586,ALAMEDA_COUNTY_CA,1
94587,ALAMEDA_COUNTY_CA,1
94588,ALAMEDA_COUNTY_CA,0.9866
94588,CONTRA_COSTA_COUNTY_CA,0.0134
94589,SOLANO_COUNTY_CA,1
94590,SOLANO_COUNTY_CA,1
94591,NAPA_COUNTY_CA,0.0
94591,SOLANO_COUNTY_CA,1.0
94592,SOLANO_COUNTY_CA,1
94595,CONTRA_COSTA_COUNTY_CA,1
94596,CONTRA_COSTA_COUNTY_CA,1
94597,CONTRA_COSTA_COUNTY_CA,1
94598,CONTRA_COSTA_COUNTY_CA,1
94599,NAPA_COUNTY_CA,1
94601,ALAMEDA_COUNTY_CA,1
94602,ALAMEDA_COUNTY_CA,1
94603,ALAMEDA_COUNTY_CA,1
94604,ALAMEDA_COUNTY_CA,1
94605,ALAMEDA_COUNTY_CA,1
94606,ALAMEDA_COUNTY_CA,1
94607,ALAMEDA_COUNTY_CA,1
94608,ALAMEDA_COUNTY_CA,1
94609,ALAMEDA_COUNTY_CA,1
94610,ALAMEDA_COUNTY_CA,1
94611,ALAMEDA_COUNTY_CA,0.997
94611,CONTRA_COSTA_COUNTY_CA,0.003
94612,ALAMEDA_COUNTY_CA,1
94614,ALAMEDA_COUNTY_CA,1
94618,ALAMEDA_COUNTY_CA,1
94619,ALAMEDA_COUNTY_CA,1
94620,ALAMEDA_COUNTY_CA,1
94621,ALAMEDA_COUNTY_CA,1
94623,ALAMEDA_COUNTY_CA,1
94624,ALAMEDA_COUNTY_CA,1
94661,ALAMEDA_COUNTY_CA,1
94662,ALAMEDA_COUNTY_CA,1
94701,ALAMEDA_COUNTY_CA,1
94702,ALAMEDA_COUNTY_CA,1
94703,ALAMEDA_COUNTY_CA,1
94704,ALAMEDA_COUNTY_CA,1
94705,ALAMEDA_COUNTY_CA,1
94706,ALAMEDA_COUNTY_CA,0.9975
94706,CONTRA_COSTA_COUNTY_CA,0.0025
94707,ALAMEDA_COUNTY_CA,0.7887
94707,CONTRA_COSTA_COUNTY_CA,0.2113
94708,ALAMEDA_COUNTY_CA,0.8095
94708,CONTRA_COSTA_COUNTY_CA,0.1905
94709,ALAMEDA_COUNTY_CA,1
94710,ALAMEDA_COUNTY_CA,1
94712,ALAMEDA_COUNTY_CA,1
94720,ALAMEDA_COUNTY_CA,1
94801,CONTRA_COSTA_COUNTY_CA,1
94802,CONTRA_COSTA_COUNTY_CA,1
94803,CONTRA_COSTA_COUNTY_CA,1
94804,CONTRA_COSTA_COUNTY_CA,1
94805,CONTRA_COSTA_COUNTY_CA,1
94806,CONTRA_COSTA_COUNTY_CA,1
94807,CONTRA_COSTA_COUNTY_CA,1
94820,CONTRA_COSTA_COUNTY_CA,1
94901,MARIN_COUNTY_CA,1
94903,MARIN_COUNTY_CA,1
94904,MARIN_COUNTY_CA,1
94912,MARIN_COUNTY_CA,1
94913,MARIN_COUNTY_CA,1
94914,MARIN_COUNTY_CA,1
94915,MARIN_COUNTY_CA,1
94920,MARIN_COUNTY_CA,1
94922,SONOMA_COUNTY_CA,1
94923,SONOMA_COUNTY_CA,1
94924,MARIN_COUNTY_CA,1
94925,MARIN_COUNTY_CA,1
94927,SONOMA_COUNTY_CA,1
94928,SONOMA_COUNTY_CA,1
94929,MARIN_COUNTY_CA,1
94930,MARIN_COUNTY_CA,1
94931,SONOMA_COUNTY_CA,1
94933,MARIN_COUNTY_CA,1
94937,MARIN_COUNTY_CA,1
94938,MARIN_COUNTY_CA,1
94939,MARIN_COUNTY_CA,1
94940,MARIN_COUNTY_CA,1
94941,MARIN_COUNTY_CA,1
94942,MARIN_COUNTY_CA,1
94945,MARIN_COUNTY_CA,0.9999
94945,SONOMA_COUNTY_CA,0.0001
94946,MARIN_COUNTY_CA,1
94947,MARIN_COUNTY_CA,1
94948,MARIN_COUNTY_CA,1
94949,MARIN_COUNTY_CA,1
94950,MARIN_COUNTY_CA,1
94951,SONOMA_COUNTY_CA,1
94952,MARIN_COUNTY_CA,0.0168
94952,SONOMA_COUNTY_CA,0.9832
94953,SONOMA_COUNTY_CA,1
94954,SONOMA_COUNTY_CA,1
94955,SONOMA_COUNTY_CA,1
94956,MARIN_COUNTY_CA,1
94957,MARIN_COUNTY_CA,1
94960,MARIN_COUNTY_CA,1
94963,MARIN_COUNTY_CA,1
94965,MARIN_COUNTY_CA,1
94966,MARIN_COUNTY_CA,1
94970,MARIN_COUNTY_CA,1
94971,MARIN_COUNTY_CA,1
94972,SONOMA_COUNTY_CA,1
94973,MARIN_COUNTY_CA,1
94975,SONOMA_COUNTY_CA,1
94976,MARIN_COUNTY_CA,1
94977,MARIN_COUNTY_CA,1
94978,MARIN_COUNTY_CA,1
94979,MARIN_COUNTY_CA,1
95001,SANTA_CRUZ_COUNTY_CA,1
95002,SANTA_CLARA_COUNTY_CA,1
95003,SANTA_CRUZ_COUNTY_CA,1
95004,MONTEREY_COUNTY_CA,0.7286
95004,SAN_BENITO_COUNTY_CA,0.2714
95005,SANTA_CRUZ_COUNTY_CA,1
95006,SANTA_CRUZ_COUNTY_CA,1
95007,SANTA_CRUZ_COUNTY_CA,1
95008,SANTA_CLARA_COUNTY_CA,1
95009,SANTA_CLARA_COUNTY_CA,1
95010,SANTA_CRUZ_COUNTY_CA,1
95011,SANTA_CLARA_COUNTY_CA,1
95012,MONTEREY_COUNTY_CA,1
95013,SANTA_CLARA_COUNTY_CA,1
95014,SANTA_CLARA_COUNTY_CA,1
95015,SANTA_CLARA_COUNTY_CA,1
95017,SANTA_CRUZ_COUNTY_CA,1
95018,SANTA_CRUZ_COUNTY_CA,1
95019,SANTA_CRUZ_COUNTY_CA,1
95020,SANTA_CLARA_COUNTY_CA,1
95021,SANTA_CLARA_COUNTY_CA,1
95023,SANTA_CLARA_COUNTY_CA,0.0016
95023,SAN_BENITO_COUNTY_CA,0.9984
95024,SAN_BENITO_COUNTY_CA,1
95026,SANTA_CLARA_COUNTY_CA,1
95030,SANTA_CLARA_COUNTY_CA,1
95031,SANTA_CLARA_COUNTY_CA,1
95032,SANTA_CLARA_COUNTY_CA,1
95033,SANTA_CLARA_COUNTY_CA,0.4389
95033,SANTA_CRUZ_COUNTY_CA,0.5611
95035,SANTA_CLARA_COUNTY_CA,1
95036,SANTA_CLARA_COUNTY_CA,1
95037,SANTA_CLARA_COUNTY_CA,1
95038,SANTA_CLARA_COUNTY_CA,1
95039,MONTEREY_COUNTY_CA,1
95041,SANTA_CRUZ_COUNTY_CA,1
95043,SAN_BENITO_COUNTY_CA,1
95044,SANTA_CLARA_COUNTY_CA,1
95045,SAN_BENITO_COUNTY_CA,1
95046,SANTA_CLARA_COUNTY_CA,1
95050,SANTA_CLARA_COUNTY_CA,1
95051,SANTA_CLARA_COUNTY_CA,1
95052,SANTA_CLARA_COUNTY_CA,1
95054,SANTA_CLARA_COUNTY_CA,1
95055,SANTA_CLARA_COUNTY_CA,1
95056,SANTA_CLARA_COUNTY_CA,1
95060,SANTA_CRUZ_COUNTY_CA,1
95061,SANTA_CRUZ_COUNTY_CA,1
95062,SANTA_CRUZ_COUNTY_CA,1
95063,SANTA_CRUZ_COUNTY_CA,1
95064,SANTA_CRUZ_COUNTY_CA,1
95065,SANTA_CRUZ_COUNTY_CA,1
95066,SANTA_CRUZ_COUNTY_CA,1
95067,SANTA_CRUZ_COUNTY_CA,1
95070,SANTA_CLARA_COUNTY_CA,1
95071,SANTA_CLARA_COUNTY_CA,1
95073,SANTA_CRUZ_COUNTY_CA,1
95075,SAN_BENITO_COUNTY_CA,1
95076,MONTEREY_COUNTY_CA,0.1372
95076,SANTA_CLARA_COUNTY_CA,0.0014
95076,SANTA_CRUZ_COUNTY_CA,0.8614
95077,SANTA_CRUZ_COUNTY_CA,1
95103,SANTA_CLARA_COUNTY_CA,1
95106,SANTA_CLARA_COUNTY_CA,1
95108,SANTA_CLARA_COUNTY_CA,1
95109,SANTA_CLARA_COUNTY_CA,1
95110,SANTA_CLARA_COUNTY_CA,1
95111,SANTA_CLARA_COUNTY_CA,1
95112,SANTA_CLARA_COUNTY_CA,1
95113,SANTA_CLARA_COUNTY_CA,1
95116,SANTA_CLARA_COUNTY_CA,1
95117,SANTA_CLARA_COUNTY_CA,1
95118,SANTA_CLARA_COUNTY_CA,1
95119,SANTA_CLARA_COUNTY_CA,1
95120,SANTA_CLARA_COUNTY_CA,1
95121,SANTA_CLARA_COUNTY_CA,1
95122,SANTA_CLARA_COUNTY_CA,1
95123,SANTA_CLARA_COUNTY_CA,1
95124,SANTA_CLARA_COUNTY_CA,1
95125,SANTA_CLARA_COUNTY_CA,1
95126,SANTA_CLARA_COUNTY_CA,1
95127,SANTA_CLARA_COUNTY_CA,1
95128,SANTA_CLARA_COUNTY_CA,1
95129,SANTA_CLARA_COUNTY_CA,1
95130,SANTA_CLARA_COUNTY_CA,1
95131,SANTA_CLARA_COUNTY_CA,1
95132,SANTA_CLARA_COUNTY_CA,1
95133,SANTA_CLARA_COUNTY_CA,1
95134,SANTA_CLARA_COUNTY_CA,1
95135,SANTA_CLARA_COUNTY_CA,1
95136,SANTA_CLARA_COUNTY_CA,1
95138,SANTA_CLARA_COUNTY_CA,1
95139,SANTA_CLARA_COUNTY_CA,1
95140,SANTA_CLARA_COUNTY_CA,1
95141,SANTA_CLARA_COUNTY_CA,1
95148,SANTA_CLARA_COUNTY_CA,1
95150,SANTA_CLARA_COUNTY_CA,1
95151,SANTA_CLARA_COUNTY_CA,1
95152,SANTA_CLARA_COUNTY_CA,1
95153,SANTA_CLARA_COUNTY_CA,1
95154,SANTA_CLARA_COUNTY_CA,1
95155,SANTA_CLARA_COUNTY_CA,1
95156,SANTA_CLARA_COUNTY_CA,1
95157,SANTA_CLARA_COUNTY_CA,1
95158,SANTA_CLARA_COUNTY_CA,1
95159,SANTA_CLARA_COUNTY_CA,1
95160,SANTA_CLARA_COUNTY_CA,1
95161,SANTA_CLARA_COUNTY_CA,1
95164,SANTA_CLARA_COUNTY_CA,1
95170,SANTA_CLARA_COUNTY_CA,1
95172,SANTA_CLARA_COUNTY_CA,1
95173,SANTA_CLARA_COUNTY_CA,1
95201,SAN_JOAQUIN_COUNTY_CA,1
95202,SAN_JOAQUIN_COUNTY_CA,1
95203,SAN_JOAQUIN_COUNTY_CA,1
95204,SAN_JOAQUIN_COUNTY_CA,1
95205,SAN_JOAQUIN_COUNTY_CA,1
95206,SAN_JOAQUIN_COUNTY_CA,1
95207,SAN_JOAQUIN_COUNTY_CA,1
95208,SAN_JOAQUIN_COUNTY_CA,1
95209,SAN_JOAQUIN_COUNTY_CA,1
95210,SAN_JOAQUIN_COUNTY_CA,1
95212,SAN_JOAQUIN_COUNTY_CA,1
95213,SAN_JOAQUIN_COUNTY_CA,1
95215,SAN_JOAQUIN_COUNTY_CA,1
95219,SAN_JOAQUIN_COUNTY_CA,1
95220,SAN_JOAQUIN_COUNTY_CA,1
95222,CALAVERAS_COUNTY_CA,1
95223,ALPINE_COUNTY_CA,0.0223
95223,CALAVERAS_COUNTY_CA,0.9777
95224,CALAVERAS_COUNTY_CA,1
95225,CALAVERAS_COUNTY_CA,1
95226,CALAVERAS_COUNTY_CA,1
95227,SAN_JOAQUIN_COUNTY_CA,1
95228,CALAVERAS_COUNTY_CA,1
95229,CALAVERAS_COUNTY_CA,1
95230,CALAVERAS_COUNTY_CA,0.1833
95230,SAN_JOAQUIN_COUNTY_CA,0.5659
95230,STANISLAUS_COUNTY_CA,0.2508
95231,SAN_JOAQUIN_COUNTY_CA,1
95232,CALAVERAS_COUNTY_CA,1
95236,CALAVERAS_COUNTY_CA,0.0166
95236,SAN_JOAQUIN_COUNTY_CA,0.9834
95237,SAN_JOAQUIN_COUNTY_CA,1
95240,SAN_JOAQUIN_COUNTY_CA,1
95241,SAN_JOAQUIN_COUNTY_CA,1
95242,SAN_JOAQUIN_COUNTY_CA,1
95245,CALAVERAS_COUNTY_CA,1
95246,CALAVERAS_COUNTY_CA,1
95247,CALAVERAS_COUNTY_CA,1
95248,CALAVERAS_COUNTY_CA,1
95249,CALAVERAS_COUNTY_CA,1
95251,CALAVERAS_COUNTY_CA,1
95252,CALAVERAS_COUNTY_CA,1
95253,SAN_JOAQUIN_COUNTY_CA,1
95254,CALAVERAS_COUNTY_CA,1
95255,CALAVERAS_COUNTY_CA,1
95257,CALAVERAS_COUNTY_CA,1
95258,SAN_JOAQUIN_COUNTY_CA,1
95267,SAN_JOAQUIN_COUNTY_CA,1
95269,SAN_JOAQUIN_COUNTY_CA,1
95301,MERCED_COUNTY_CA,1
95303,MERCED_COUNTY_CA,1
95304,SAN_JOAQUIN_COUNTY_CA,1
95305,TUOLUMNE_COUNTY_CA,1
95306,MARIPOSA_COUNTY_CA,1
95307,STANISLAUS_COUNTY_CA,1
95309,TUOLUMNE_COUNTY_CA,1
95310,TUOLUMNE_COUNTY_CA,1
95311,MARIPOSA_COUNTY_CA,0.9468
95311,TUOLUMNE_COUNTY_CA,0.0532
95312,MERCED_COUNTY_CA,1
95313,STANISLAUS_COUNTY_CA,1
95315,MERCED_COUNTY_CA,1
95316,MERCED_COUNTY_CA,0.013
95316,STANISLAUS_COUNTY_CA,0.987
95317,MERCED_COUNTY_CA,1
95318,MARIPOSA_COUNTY_CA,1
95319,STANISLAUS_COUNTY_CA,1
95320,SAN_JOAQUIN_COUNTY_CA,1
95321,MARIPOSA_COUNTY_CA,0.0104
95321,TUOLUMNE_COUNTY_CA,0.9896
95322,MERCED_COUNTY_CA,0.9974
95322,STANISLAUS_COUNTY_CA,0.0026
95323,STANISLAUS_COUNTY_CA,1
95324,MERCED_COUNTY_CA,0.9984
95324,STANISLAUS_COUNTY_CA,0.0016
95325,MARIPOSA_COUNTY_CA,1
95326,STANISLAUS_COUNTY_CA,1
95327,TUOLUMNE_COUNTY_CA,1
95328,STANISLAUS_COUNTY_CA,1
95329,MARIPOSA_COUNTY_CA,0.3712
95329,STANISLAUS_COUNTY_CA,0.2309
95329,TUOLUMNE_COUNTY_CA,0.3979
95330,SAN_JOAQUIN_COUNTY_CA,1
95333,MERCED_COUNTY_CA,1
95334,MERCED_COUNTY_CA,1
95335,TUOLUMNE_COUNTY_CA,1
95336,SAN_JOAQUIN_COUNTY_CA,1
95337,SAN_JOAQUIN_COUNTY_CA,1
95338,MARIPOSA_COUNTY_CA,1
95340,MERCED_COUNTY_CA,1
95341,MERCED_COUNTY_CA,1
95344,MERCED_COUNTY_CA,1
95345,MARIPOSA_COUNTY_CA,1
95346,TUOLUMNE_COUNTY_CA,1
95348,MERCED_COUNTY_CA,1
95350,STANISLAUS_COUNTY_CA,1
95351,STANISLAUS_COUNTY_CA,1
95352,STANISLAUS_COUNTY_CA,1
95353,STANISLAUS_COUNTY_CA,1
95354,STANISLAUS_COUNTY_CA,1
95355,STANISLAUS_COUNTY_CA,1
95356,STANISLAUS_COUNTY_CA,1
95357,STANISLAUS_COUNTY_CA,1
95358,STANISLAUS_COUNTY_CA,1
95360,MERCED_COUNTY_CA,0.0183
95360,STANISLAUS_COUNTY_CA,0.9817
95361,SAN_JOAQUIN_COUNTY_CA,0.0132
95361,STANISLAUS_COUNTY_CA,0.9868
95363,STANISLAUS_COUNTY_CA,1
95364,TUOLUMNE_COUNTY_CA,1
95365,MERCED_COUNTY_CA,1
95366,SAN_JOAQUIN_COUNTY_CA,1
95367,SAN_JOAQUIN_COUNTY_CA,0.0012
95367,STANISLAUS_COUNTY_CA,0.9988
95368,STANISLAUS_COUNTY_CA,1
95369,MARIPOSA_COUNTY_CA,0.1972
95369,MERCED_COUNTY_CA,0.8028
95370,TUOLUMNE_COUNTY_CA,1
95372,TUOLUMNE_COUNTY_CA,1
95374,MERCED_COUNTY_CA,1
95376,SAN_JOAQUIN_COUNTY_CA,1
95377,ALAMEDA_COUNTY_CA,0.0014
95377,SAN_JOAQUIN_COUNTY_CA,0.9986
95378,SAN_JOAQUIN_COUNTY_CA,1
95379,TUOLUMNE_COUNTY_CA,1
95380,MERCED_COUNTY_CA,0.0332
95380,STANISLAUS_COUNTY_CA,0.9668
95381,STANISLAUS_COUNTY_CA,1
95382,STANISLAUS_COUNTY_CA,1
95383,TUOLUMNE_COUNTY_CA,1
95385,SAN_JOAQUIN_COUNTY_CA,0.1371
95385,STANISLAUS_COUNTY_CA,0.8629
95386,STANISLAUS_COUNTY_CA,1
95387,STANISLAUS_COUNTY_CA,1
95388,MERCED_COUNTY_CA,1
95389,MARIPOSA_COUNTY_CA,1
95391,ALAMEDA_COUNTY_CA,0.0037
95391,SAN_JOAQUIN_COUNTY_CA,0.9963
95401,SONOMA_COUNTY_CA,1
95402,SONOMA_COUNTY_CA,1
95403,SONOMA_COUNTY_CA,1
95404,SONOMA_COUNTY_CA,1
95405,SONOMA_COUNTY_CA,1
95406,SONOMA_COUNTY_CA,1
95407,SONOMA_COUNTY_CA,1
95409,SONOMA_COUNTY_CA,1
95410,MENDOCINO_COUNTY_CA,1
95412,SONOMA_COUNTY_CA,1
95415,MENDOCINO_COUNTY_CA,1
95416,SONOMA_COUNTY_CA,1
95417,MENDOCINO_COUNTY_CA,1
95418,MENDOCINO_COUNTY_CA,1
95419,SONOMA_COUNTY_CA,1
95420,MENDOCINO_COUNTY_CA,1
95421,SONOMA_COUNTY_CA,1
95422,LAKE_COUNTY_CA,1
95423,LAKE_COUNTY_CA,1
95424,LAKE_COUNTY_CA,1
95425,SONOMA_COUNTY_CA,1
95426,LAKE_COUNTY_CA,1
95427,MENDOCINO_COUNTY_CA,1
95428,MENDOCINO_COUNTY_CA,1
95429,MENDOCINO_COUNTY_CA,1
95430,SONOMA_COUNTY_CA,1
95432,MENDOCINO_COUNTY_CA,1
95433,SONOMA_COUNTY_CA,1
95435,LAKE_COUNTY_CA,1
95436,SONOMA_COUNTY_CA,1
95437,MENDOCINO_COUNTY_CA,1
95439,SONOMA_COUNTY_CA,1
95441,SONOMA_COUNTY_CA,1
95442,SONOMA_COUNTY_CA,1
95443,LAKE_COUNTY_CA,1
95444,SONOMA_COUNTY_CA,1
95445,MENDOCINO_COUNTY_CA,0.9989
95445,SONOMA_COUNTY_CA,0.0011
95446,SONOMA_COUNTY_CA,1
95448,SONOMA_COUNTY_CA,1
95449,MENDOCINO_COUNTY_CA,1
95450,SONOMA_COUNTY_CA,1
95451,LAKE_COUNTY_CA,1
95452,SONOMA_COUNTY_CA,1
95453,LAKE_COUNTY_CA,1
95454,MENDOCINO_COUNTY_CA,1
95456,MENDOCINO_COUNTY_CA,1
95457,LAKE_COUNTY_CA,1
95458,LAKE_COUNTY_CA,1
95459,MENDOCINO_COUNTY_CA,1
95460,MENDOCINO_COUNTY_CA,1
95461,LAKE_COUNTY_CA,0.9993
95461,NAPA_COUNTY_CA,0.0007
95462,SONOMA_COUNTY_CA,1
95463,MENDOCINO_COUNTY_CA,1
95464,LAKE_COUNTY_CA,1
95465,SONOMA_COUNTY_CA,1
95466,MENDOCINO_COUNTY_CA,1
95467,LAKE_COUNTY_CA,1
95468,MENDOCINO_COUNTY_CA,1
95469,LAKE_COUNTY_CA,0.2412
95469,MENDOCINO_COUNTY_CA,0.7588
95470,MENDOCINO_COUNTY_CA,1
95471,SONOMA_COUNTY_CA,1
95472,SONOMA_COUNTY_CA,1
95473,SONOMA_COUNTY_CA,1
95476,NAPA_COUNTY_CA,0.0024
95476,SONOMA_COUNTY_CA,0.9976
95481,MENDOCINO_COUNTY_CA,1
95482,LAKE_COUNTY_CA,0.0001
95482,MENDOCINO_COUNTY_CA,0.9999
95485,LAKE_COUNTY_CA,1
95486,SONOMA_COUNTY_CA,1
95487,SONOMA_COUNTY_CA,1
95488,MENDOCINO_COUNTY_CA,1
95490,MENDOCINO_COUNTY_CA,1
95492,SONOMA_COUNTY_CA,1
95493,LAKE_COUNTY_CA,1
95494,MENDOCINO_COUNTY_CA,1
95497,SONOMA_COUNTY_CA,1
95501,HUMBOLDT_COUNTY_CA,1
95502,HUMBOLDT_COUNTY_CA,1
95503,HUMBOLDT_COUNTY_CA,1
95511,HUMBOLDT_COUNTY_CA,1
95514,HUMBOLDT_COUNTY_CA,1
95518,HUMBOLDT_COUNTY_CA,1
95519,HUMBOLDT_COUNTY_CA,1
95521,HUMBOLDT_COUNTY_CA,1
95524,HUMBOLDT_COUNTY_CA,1
95525,HUMBOLDT_COUNTY_CA,1
95526,HUMBOLDT_COUNTY_CA,0.6064
95526,TRINITY_COUNTY_CA,0.3936
95527,TRINITY_COUNTY_CA,1
95528,HUMBOLDT_COUNTY_CA,1
95531,DEL_NORTE_COUNTY_CA,1
95534,HUMBOLDT_COUNTY_CA,1
95536,HUMBOLDT_COUNTY_CA,1
95537,HUMBOLDT_COUNTY_CA,1
95540,HUMBOLDT_COUNTY_CA,1
95542,HUMBOLDT_COUNTY_CA,0.9858
95542,MENDOCINO_COUNTY_CA,0.0117
95542,TRINITY_COUNTY_CA,0.0025
95543,DEL_NORTE_COUNTY_CA,1
95546,HUMBOLDT_COUNTY_CA,1
95547,HUMBOLDT_COUNTY_CA,1
95548,DEL_NORTE_COUNTY_CA,1
95549,HUMBOLDT_COUNTY_CA,1
95550,HUMBOLDT_COUNTY_CA,1
95551,HUMBOLDT_COUNTY_CA,1
95552,TRINITY_COUNTY_CA,1
95553,HUMBOLDT_COUNTY_CA,1
95554,HUMBOLDT_COUNTY_CA,1
95556,HUMBOLDT_COUNTY_CA,1
95558,HUMBOLDT_COUNTY_CA,1
95559,HUMBOLDT_COUNTY_CA,1
95560,HUMBOLDT_COUNTY_CA,1
95562,HUMBOLDT_COUNTY_CA,1
95563,TRINITY_COUNTY_CA,1
95564,HUMBOLDT_COUNTY_CA,1
95565,HUMBOLDT_COUNTY_CA,1
95567,DEL_NORTE_COUNTY_CA,1
95568,HUMBOLDT_COUNTY_CA,0.0057
95568,SISKIYOU_COUNTY_CA,0.9943
95569,HUMBOLDT_COUNTY_CA,1
95570,HUMBOLDT_COUNTY_CA,1
95571,HUMBOLDT_COUNTY_CA,1
95573,HUMBOLDT_COUNTY_CA,1
95585,MENDOCINO_COUNTY_CA,1
95587,HUMBOLDT_COUNTY_CA,0.0824
95587,MENDOCINO_COUNTY_CA,0.9176
95589,HUMBOLDT_COUNTY_CA,0.9371
95589,MENDOCINO_COUNTY_CA,0.0629
95595,TRINITY_COUNTY_CA,1
95601,AMADOR_COUNTY_CA,1
95602,NEVADA_COUNTY_CA,0.3369
95602,PLACER_COUNTY_CA,0.6631
95603,PLACER_COUNTY_CA,1
95604,PLACER_COUNTY_CA,1
95605,YOLO_COUNTY_CA,1
95606,YOLO_COUNTY_CA,1
95607,YOLO_COUNTY_CA,1
95608,SACRAMENTO_COUNTY_CA,1
95609,SACRAMENTO_COUNTY_CA,1
95610,SACRAMENTO_COUNTY_CA,1
95611,SACRAMENTO_COUNTY_CA,1
95612,YOLO_COUNTY_CA,1
95613,EL_DORADO_COUNTY_CA,1
95614,EL_DORADO_COUNTY_CA,1
95615,SACRAMENTO_COUNTY_CA,0.9389
95615,YOLO_COUNTY_CA,0.0611
95616,SOLANO_COUNTY_CA,0.0002
95616,YOLO_COUNTY_CA,0.9998
95617,YOLO_COUNTY_CA,1
95618,SOLANO_COUNTY_CA,0.0033
95618,YOLO_COUNTY_CA,0.9967
95619,EL_DORADO_COUNTY_CA,1
95620,SOLANO_COUNTY_CA,0.9986
95620,YOLO_COUNTY_CA,0.0014
95621,SACRAMENTO_COUNTY_CA,1
95623,EL_DORADO_COUNTY_CA,1
95624,SACRAMENTO_COUNTY_CA,1
95625,SOLANO_COUNTY_CA,1
95626,PLACER_COUNTY_CA,0.0661
95626,SACRAMENTO_COUNTY_CA,0.911
95626,SUTTER_COUNTY_CA,0.0229
95627,YOLO_COUNTY_CA,1
95628,SACRAMENTO_COUNTY_CA,1
95629,AMADOR_COUNTY_CA,0.8661
95629,EL_DORADO_COUNTY_CA,0.1339
95630,SACRAMENTO_COUNTY_CA,1
95631,PLACER_COUNTY_CA,1
95632,SACRAMENTO_COUNTY_CA,0.9665
95632,SAN_JOAQUIN_COUNTY_CA,0.0335
95633,EL_DORADO_COUNTY_CA,1
95634,EL_DORADO_COUNTY_CA,1
95635,EL_DORADO_COUNTY_CA,1
95636,EL_DORADO_COUNTY_CA,1
95637,YOLO_COUNTY_CA,1
95638,SACRAMENTO_COUNTY_CA,1
95640,AMADOR_COUNTY_CA,1
95641,SACRAMENTO_COUNTY_CA,1
95642,AMADOR_COUNTY_CA,1
95645,COLUSA_COUNTY_CA,0.2057
95645,SUTTER_COUNTY_CA,0.6454
95645,YOLO_COUNTY_CA,0.1489
95648,PLACER_COUNTY_CA,1
95650,PLACER_COUNTY_CA,1
95651,EL_DORADO_COUNTY_CA,1
95652,SACRAMENTO_COUNTY_CA,1
95655,SACRAMENTO_COUNTY_CA,1
95656,EL_DORADO_COUNTY_CA,1
95658,PLACER_COUNTY_CA,1
95659,SUTTER_COUNTY_CA,1
95660,SACRAMENTO_COUNTY_CA,1
95661,PLACER_COUNTY_CA,1
95662,SACRAMENTO_COUNTY_CA,1
95663,PLACER_COUNTY_CA,1
95664,EL_DORADO_COUNTY_CA,1
95665,AMADOR_COUNTY_CA,1
95666,AMADOR_COUNTY_CA,0.9997
95666,EL_DORADO_COUNTY_CA,0.0003
95667,EL_DORADO_COUNTY_CA,1
95668,PLACER_COUNTY_CA,0.1726
95668,SUTTER_COUNTY_CA,0.8274
95669,AMADOR_COUNTY_CA,1
95670,SACRAMENTO_COUNTY_CA,1
95672,EL_DORADO_COUNTY_CA,1
95673,SACRAMENTO_COUNTY_CA,1
95674,SUTTER_COUNTY_CA,1
95675,AMADOR_COUNTY_CA,1
95676,SUTTER_COUNTY_CA,1
95677,PLACER_COUNTY_CA,1
95678,PLACER_COUNTY_CA,0.9977
95678,SACRAMENTO_COUNTY_CA,0.0023
95681,PLACER_COUNTY_CA,1
95682,EL_DORADO_COUNTY_CA,1
95683,SACRAMENTO_COUNTY_CA,1
95684,EL_DORADO_COUNTY_CA,1
95685,AMADOR_COUNTY_CA,1
95686,SAN_JOAQUIN_COUNTY_CA,1
95687,SOLANO_COUNTY_CA,1
95688,SOLANO_COUNTY_CA,1
95689,AMADOR_COUNTY_CA,1
95690,SACRAMENTO_COUNTY_CA,0.6943
95690,SAN_JOAQUIN_COUNTY_CA,0.1597
95690,SOLANO_COUNTY_CA,0.1459
95691,YOLO_COUNTY_CA,1
95692,SUTTER_COUNTY_CA,0.0073
95692,YUBA_COUNTY_CA,0.9927
95693,SACRAMENTO_COUNTY_CA,1
95694,SOLANO_COUNTY_CA,0.1249
95694,YOLO_COUNTY_CA,0.8751
95695,YOLO_COUNTY_CA,1
95696,SOLANO_COUNTY_CA,1
95697,YOLO_COUNTY_CA,1
95699,AMADOR_COUNTY_CA,1
95701,PLACER_COUNTY_CA,1
95703,PLACER_COUNTY_CA,1
95709,EL_DORADO_COUNTY_CA,1
95713,PLACER_COUNTY_CA,1
95714,PLACER_COUNTY_CA,1
95715,PLACER_COUNTY_CA,1
95717,PLACER_COUNTY_CA,1
95720,EL_DORADO_COUNTY_CA,1
95722,PLACER_COUNTY_CA,1
95724,NEVADA_COUNTY_CA,1
95726,EL_DORADO_COUNTY_CA,1
95728,NEVADA_COUNTY_CA,0.875
95728,PLACER_COUNTY_CA,0.125
95735,EL_DORADO_COUNTY_CA,1
95736,PLACER_COUNTY_CA,1
95741,SACRAMENTO_COUNTY_CA,1
95742,SACRAMENTO_COUNTY_CA,1
95746,PLACER_COUNTY_CA,1
95747,PLACER_COUNTY_CA,1
95757,SACRAMENTO_COUNTY_CA,1
95758,SACRAMENTO_COUNTY_CA,1
95759,SACRAMENTO_COUNTY_CA,1
95762,EL_DORADO_COUNTY_CA,1
95763,SACRAMENTO_COUNTY_CA,1
95765,PLACER_COUNTY_CA,1
95776,YOLO_COUNTY_CA,1
95798,YOLO_COUNTY_CA,1
95811,SACRAMENTO_COUNTY_CA,1
95812,SACRAMENTO_COUNTY_CA,1
95813,SACRAMENTO_COUNTY_CA,1
95814,SACRAMENTO_COUNTY_CA,1
95815,SACRAMENTO_COUNTY_CA,1
95816,SACRAMENTO_COUNTY_CA,1
95817,SACRAMENTO_COUNTY_CA,1
95818,SACRAMENTO_COUNTY_CA,1
95819,SACRAMENTO_COUNTY_CA,1
95820,SACRAMENTO_COUNTY_CA,1
95821,SACRAMENTO_COUNTY_CA,1
95822,SACRAMENTO_COUNTY_CA,1
95823,SACRAMENTO_COUNTY_CA,1
95824,SACRAMENTO_COUNTY_CA,1
95825,SACRAMENTO_COUNTY_CA,1
95826,SACRAMENTO_COUNTY_CA,1
95827,SACRAMENTO_COUNTY_CA,1
95828,SACRAMENTO_COUNTY_CA,1
95829,SACRAMENTO_COUNTY_CA,1
95830,SACRAMENTO_COUNTY_CA,1
95831,SACRAMENTO_COUNTY_CA,1
95832,SACRAMENTO_COUNTY_CA,1
95833,SACRAMENTO_COUNTY_CA,1
95834,SACRAMENTO_COUNTY_CA,1
95835,SACRAMENTO_COUNTY_CA,1
95836,SUTTER_COUNTY_CA,1
95837,SACRAMENTO_COUNTY_CA,0.7266
95837,SUTTER_COUNTY_CA,0.2734
95838,SACRAMENTO_COUNTY_CA,1
95841,SACRAMENTO_COUNTY_CA,1
95842,SACRAMENTO_COUNTY_CA,1
95843,SACRAMENTO_COUNTY_CA,1
95851,SACRAMENTO_COUNTY_CA,1
95852,SACRAMENTO_COUNTY_CA,1
95853,SACRAMENTO_COUNTY_CA,1
95860,SACRAMENTO_COUNTY_CA,1
95864,SACRAMENTO_COUNTY_CA,1
95865,SACRAMENTO_COUNTY_CA,1
95866,SACRAMENTO_COUNTY_CA,1
95901,BUTTE_COUNTY_CA,0.0053
95901,YUBA_COUNTY_CA,0.9947
95903,YUBA_COUNTY_CA,1
95910,SIERRA_COUNTY_CA,1
95912,COLUSA_COUNTY_CA,0.9937
95912,YOLO_COUNTY_CA,0.0063
95914,BUTTE_COUNTY_CA,0.9507
95914,YUBA_COUNTY_CA,0.0493
95916,BUTTE_COUNTY_CA,1
95917,BUTTE_COUNTY_CA,1
95918,YUBA_COUNTY_CA,1
95919,YUBA_COUNTY_CA,1
95920,GLENN_COUNTY_CA,1
95922,SIERRA_COUNTY_CA,0.0194
95922,YUBA_COUNTY_CA,0.9806
95923,PLUMAS_COUNTY_CA,1
95924,NEVADA_COUNTY_CA,1
95925,YUBA_COUNTY_CA,1
95926,BUTTE_COUNTY_CA,1
95927,BUTTE_COUNTY_CA,1
95928,BUTTE_COUNTY_CA,1
95930,BUTTE_COUNTY_CA,1
95932,COLUSA_COUNTY_CA,1
95934,PLUMAS_COUNTY_CA,1
95935,YUBA_COUNTY_CA,1
95938,BUTTE_COUNTY_CA,1
95939,COLUSA_COUNTY_CA,0.025
95939,GLENN_COUNTY_CA,0.975
95940,BUTTE_COUNTY_CA,1
95941,BUTTE_COUNTY_CA,0.8269
95941,YUBA_COUNTY_CA,0.1731
95942,BUTTE_COUNTY_CA,1
95943,GLENN_COUNTY_CA,1
95945,NEVADA_COUNTY_CA,1
95946,NEVADA_COUNTY_CA,1
95947,PLUMAS_COUNTY_CA,1
95948,BUTTE_COUNTY_CA,0.9985
95948,SUTTER_COUNTY_CA,0.0015
95949,NEVADA_COUNTY_CA,1
95953,SUTTER_COUNTY_CA,1
95954,BUTTE_COUNTY_CA,1
95956,PLUMAS_COUNTY_CA,1
95957,COLUSA_COUNTY_CA,0.035
95957,SUTTER_COUNTY_CA,0.965
95959,NEVADA_COUNTY_CA,1
95960,NEVADA_COUNTY_CA,0.586
95960,SIERRA_COUNTY_CA,0.2866
95960,YUBA_COUNTY_CA,0.1274
95961,YUBA_COUNTY_CA,1
95962,YUBA_COUNTY_CA,1
95963,GLENN_COUNTY_CA,0.9523
95963,TEHAMA_COUNTY_CA,0.0477
95965,BUTTE_COUNTY_CA,1
95966,BUTTE_COUNTY_CA,0.9976
95966,YUBA_COUNTY_CA,0.0024
95967,BUTTE_COUNTY_CA,1
95968,BUTTE_COUNTY_CA,1
95969,BUTTE_COUNTY_CA,1
95970,COLUSA_COUNTY_CA,0.3866
95970,GLENN_COUNTY_CA,0.6134
95971,PLUMAS_COUNTY_CA,1
95972,YUBA_COUNTY_CA,1
95973,BUTTE_COUNTY_CA,0.9983
95973,TEHAMA_COUNTY_CA,0.0017
95975,NEVADA_COUNTY_CA,1
95977,NEVADA_COUNTY_CA,0.6435
95977,YUBA_COUNTY_CA,0.3565
95979,COLUSA_COUNTY_CA,1
95982,SUTTER_COUNTY_CA,1
95983,PLUMAS_COUNTY_CA,1
95987,COLUSA_COUNTY_CA,1
95988,COLUSA_COUNTY_CA,0.0072
95988,GLENN_COUNTY_CA,0.9928
95991,SUTTER_COUNTY_CA,1
95992,SUTTER_COUNTY_CA,1
95993,SUTTER_COUNTY_CA,1
96001,SHASTA_COUNTY_CA,1
96002,SHASTA_COUNTY_CA,1
96003,SHASTA_COUNTY_CA,1
96006,MODOC_COUNTY_CA,1
96007,SHASTA_COUNTY_CA,0.9996
96007,TEHAMA_COUNTY_CA,0.0004
96008,SHASTA_COUNTY_CA,1
96009,LASSEN_COUNTY_CA,1
96010,TRINITY_COUNTY_CA,1
96013,SHASTA_COUNTY_CA,1
96014,SISKIYOU_COUNTY_CA,1
96015,MODOC_COUNTY_CA,1
96016,SHASTA_COUNTY_CA,1
96017,SHASTA_COUNTY_CA,1
96019,SHASTA_COUNTY_CA,1
96020,PLUMAS_COUNTY_CA,1
96021,TEHAMA_COUNTY_CA,1
96022,SHASTA_COUNTY_CA,0.3536
96022,TEHAMA_COUNTY_CA,0.6464
96023,SISKIYOU_COUNTY_CA,1
96024,TRINITY_COUNTY_CA,1
96025,SHASTA_COUNTY_CA,0.0714
96025,SISKIYOU_COUNTY_CA,0.9286
96027,SISKIYOU_COUNTY_CA,1
96028,SHASTA_COUNTY_CA,1
96029,TEHAMA_COUNTY_CA,1
96031,SISKIYOU_COUNTY_CA,1
96032,SISKIYOU_COUNTY_CA,1
96033,SHASTA_COUNTY_CA,1
96034,SISKIYOU_COUNTY_CA,1
96035,TEHAMA_COUNTY_CA,1
96037,SISKIYOU_COUNTY_CA,1
96038,SISKIYOU_COUNTY_CA,1
96039,SISKIYOU_COUNTY_CA,1
96040,SHASTA_COUNTY_CA,1
96041,TRINITY_COUNTY_CA,1
96044,SISKIYOU_COUNTY_CA,1
96046,TRINITY_COUNTY_CA,1
96047,SHASTA_COUNTY_CA,1
96048,TRINITY_COUNTY_CA,1
96049,SHASTA_COUNTY_CA,1
96050,SISKIYOU_COUNTY_CA,1
96051,SHASTA_COUNTY_CA,1
96052,TRINITY_COUNTY_CA,1
96054,MODOC_COUNTY_CA,1
96055,TEHAMA_COUNTY_CA,1
96056,LASSEN_COUNTY_CA,0.353
96056,MODOC_COUNTY_CA,0.1124
96056,SHASTA_COUNTY_CA,0.5346
96057,SISKIYOU_COUNTY_CA,1
96058,SISKIYOU_COUNTY_CA,1
96059,SHASTA_COUNTY_CA,0.4946
96059,TEHAMA_COUNTY_CA,0.5054
96061,TEHAMA_COUNTY_CA,1
96062,SHASTA_COUNTY_CA,1
96064,SISKIYOU_COUNTY_CA,1
96065,SHASTA_COUNTY_CA,1
96067,SISKIYOU_COUNTY_CA,1
96068,LASSEN_COUNTY_CA,1
96069,SHASTA_COUNTY_CA,1
96071,SHASTA_COUNTY_CA,1
96073,SHASTA_COUNTY_CA,1
96075,TEHAMA_COUNTY_CA,1
96076,SHASTA_COUNTY_CA,0.3456
96076,TEHAMA_COUNTY_CA,0.2132
96076,TRINITY_COUNTY_CA,0.4412
96078,TEHAMA_COUNTY_CA,1
96080,TEHAMA_COUNTY_CA,1
96084,SHASTA_COUNTY_CA,1
96085,SISKIYOU_COUNTY_CA,1
96086,SISKIYOU_COUNTY_CA,1
96087,SHASTA_COUNTY_CA,1
96088,SHASTA_COUNTY_CA,1
96091,TRINITY_COUNTY_CA,1
96092,TEHAMA_COUNTY_CA,1
96093,TRINITY_COUNTY_CA,1
96094,SISKIYOU_COUNTY_CA,1
96095,SHASTA_COUNTY_CA,1
96096,SHASTA_COUNTY_CA,1
96097,SISKIYOU_COUNTY_CA,1
96099,SHASTA_COUNTY_CA,1
96101,MODOC_COUNTY_CA,1
96103,PLUMAS_COUNTY_CA,1
96104,MODOC_COUNTY_CA,1
96105,PLUMAS_COUNTY_CA,1
96106,PLUMAS_COUNTY_CA,1
96107,MONO_COUNTY_CA,1
96108,MODOC_COUNTY_CA,1
96109,LASSEN_COUNTY_CA,1
96111,NEVADA_COUNTY_CA,1
96112,MODOC_COUNTY_CA,1
96113,LASSEN_COUNTY_CA,1
96114,LASSEN_COUNTY_CA,0.9991
96114,PLUMAS_COUNTY_CA,0.0009
96115,MODOC_COUNTY_CA,1
96116,MODOC_COUNTY_CA,1
96117,LASSEN_COUNTY_CA,1
96118,SIERRA_COUNTY_CA,1
96120,ALPINE_COUNTY_CA,1
96121,LASSEN_COUNTY_CA,1
96122,PLUMAS_COUNTY_CA,1
96123,LASSEN_COUNTY_CA,1
96124,SIERRA_COUNTY_CA,1
96125,SIERRA_COUNTY_CA,1
96126,SIERRA_COUNTY_CA,1
96127,LASSEN_COUNTY_CA,1
96128,LASSEN_COUNTY_CA,1
96129,PLUMAS_COUNTY_CA,1
96130,LASSEN_COUNTY_CA,1
96132,LASSEN_COUNTY_CA,1
96133,MONO_COUNTY_CA,1
96134,MODOC_COUNTY_CA,0.6671
96134,SISKIYOU_COUNTY_CA,0.3329
96136,LASSEN_COUNTY_CA,1
96137,LASSEN_COUNTY_CA,0.0642
96137,PLUMAS_COUNTY_CA,0.9358
96140,PLACER_COUNTY_CA,1
96141,EL_DORADO_COUNTY_CA,0.0235
96141,PLACER_COUNTY_CA,0.9765
96142,EL_DORADO_COUNTY_CA,1
96143,PLACER_COUNTY_CA,1
96145,PLACER_COUNTY_CA,1
96146,PLACER_COUNTY_CA,1
96148,PLACER_COUNTY_CA,1
96150,EL_DORADO_COUNTY_CA,1
96151,EL_DORADO_COUNTY_CA,1
96155,EL_DORADO_COUNTY_CA,1
96158,EL_DORADO_COUNTY_CA,1
96160,NEVADA_COUNTY_CA,1
96161,NEVADA_COUNTY_CA,0.7914
96161,PLACER_COUNTY_CA,0.2086
96162,NEVADA_COUNTY_CA,1
